g__Acidaminococcus,g__Adlercreutzia,g__Alistipes,g__Alloprevotella,g__Anaeroplasma,g__Anaerostipes,g__Bacillus,g__Bacteroides,g__Barnesiella,g__Bifidobacterium,g__Bilophila,g__Blautia,g__Butyricicoccus,g__Catenibacterium,g__Collinsella,g__Coprococcus,g__Desulfovibrio,g__Dialister,g__Dorea,g__Eggerthella,g__Enterobacter,g__Enterococcus,g__Enterorhabdus,g__Faecalibacterium,g__Faecalitalea,g__Flavonifractor,g__Fusobacterium,g__Gordonibacter,g__Granulicatella,g__Holdemanella,g__Intestinibacter,g__Lachnoclostridium,g__Lachnospira,g__Lactobacillus,g__Megamonas,g__Megasphaera,g__Mogibacterium,g__Odoribacter,g__Parabacteroides,g__Paraprevotella,g__Parasutterella,g__Peptococcus,g__Phascolarctobacterium,g__Prevotella,g__Propionibacterium,g__Roseburia,g__Ruminococcus,g__Slackia,g__Solobacterium,g__Streptococcus,g__Subdoligranulum,g__Succinivibrio,g__Sutterella,g__Turicibacter,g__Veillonella,g__Acinetobacter,g__Actinobacillus,g__Aggregatibacter,g__Akkermansia,g__Anaerotruncus,g__Asteroleplasma,g__Butyricimonas,g__Coprobacillus,g__Coprobacter,g__Gardnerella,g__Gemella,g__Haemophilus,g__Hungatella,g__Klebsiella,g__Mitsuokella,g__Neisseria,g__Oscillibacter,g__Pyramidobacter,g__Sneathia,g__Tyzzerella,g__Victivallis,g__Weissella,g__Clostridium,g__Gemmiger,g__Lachnobacterium,g__Methanobrevibacter
0.0,0.0,0.0,0.0,0.0,0.0,0.0,0.21513334,0.0,0.0,0.0,0.0,0.0,0.0,0.0,0.0,0.0,0.0,0.0,0.0,0.0,0.0,0.0,0.19389997,0.0,0.0,0.0,0.0,0.0,0.0,0.0,0.0,0.0,0.0,0.3432544,0.0,0.0,0.0,0.0,0.0,0.0,0.0,0.0,0.0,0.0,0.0,0.0,0.0,0.0,0.0,0.24771236,0.0,0.0,0.0,0.0,,,,,,,,,,,,,,,,,,,,,,,,,,
0.0,0.0,0.0,0.0,0.0,0.0,0.0,0.30599347,0.0,0.0,0.0,0.0,0.0,0.0,0.4101205,0.0,0.0,0.0,0.0,0.0,0.0,0.0,0.0,0.0,0.0,0.0,0.0,0.0,0.0,0.0,0.0,0.0,0.0,0.0,0.0,0.0,0.0,0.0,0.0,0.0,0.0,0.0,0.0,0.0,0.0,0.0,0.0,0.0,0.0,0.0,0.28388608,0.0,0.0,0.0,0.0,,,,,,,,,,,,,,,,,,,,,,,,,,
0.0,0.0,0.0,0.0,0.0,0.12516986,0.0,0.10787558,0.0,0.09547945,0.0,0.10720981,0.0,0.0,0.10029547,0.0,0.0,0.0,0.0,0.0,0.0,0.0,0.0,0.071541704,0.0,0.14055662,0.0,0.0,0.0,0.15135099,0.0,0.0,0.0,0.0,0.0,0.0,0.0,0.0,0.0,0.0,0.0,0.0,0.0,0.0,0.0,0.0,0.0,0.0,0.0,0.0,0.0,0.0,0.10052057,0.0,0.0,,,,,,,,,,,,,,,,,,,,,,,,,,
0.0,0.20015793,0.0,0.0,0.0,0.0,0.0,0.19836663,0.0,0.1882249,0.0,0.0,0.0,0.0,0.0,0.0,0.0,0.0,0.0,0.0,0.0,0.0,0.0,0.0,0.0,0.0,0.0,0.0,0.0,0.0,0.0,0.0,0.0,0.0,0.0,0.0,0.0,0.0,0.0,0.0,0.0,0.0,0.0,0.0,0.0,0.0,0.26610205,0.0,0.0,0.0,0.14714848,0.0,0.0,0.0,0.0,,,,,,,,,,,,,,,,,,,,,,,,,,
0.0,0.0,0.0,0.0,0.0,0.0,0.0,0.0,0.0,0.0,0.0,0.0,0.0,0.0,0.0,0.0,0.5511252,0.0,0.0,0.0,0.0,0.0,0.0,0.0,0.0,0.0,0.0,0.0,0.0,0.0,0.0,0.0,0.0,0.0,0.0,0.0,0.0,0.0,0.0,0.0,0.0,0.0,0.44887477,0.0,0.0,0.0,0.0,0.0,0.0,0.0,0.0,0.0,0.0,0.0,0.0,,,,,,,,,,,,,,,,,,,,,,,,,,
0.0,0.0,0.0,0.0,0.0,0.0,0.0,0.0,0.0,1.0,0.0,0.0,0.0,0.0,0.0,0.0,0.0,0.0,0.0,0.0,0.0,0.0,0.0,0.0,0.0,0.0,0.0,0.0,0.0,0.0,0.0,0.0,0.0,0.0,0.0,0.0,0.0,0.0,0.0,0.0,0.0,0.0,0.0,0.0,0.0,0.0,0.0,0.0,0.0,0.0,0.0,0.0,0.0,0.0,0.0,,,,,,,,,,,,,,,,,,,,,,,,,,
0.0,0.0,0.0,0.0,0.0,0.0,0.0,0.0,0.0,0.0,0.0,0.32933766,0.0,0.0,0.21472326,0.0,0.0,0.0,0.21933751,0.0,0.0,0.0,0.0,0.0,0.0,0.0,0.0,0.0,0.0,0.0,0.0,0.0,0.0,0.0,0.0,0.0,0.0,0.0,0.0,0.0,0.0,0.0,0.23660155,0.0,0.0,0.0,0.0,0.0,0.0,0.0,0.0,0.0,0.0,0.0,0.0,,,,,,,,,,,,,,,,,,,,,,,,,,
0.0,0.0,0.0,0.0,0.0,0.0,0.0,1.0,0.0,0.0,0.0,0.0,0.0,0.0,0.0,0.0,0.0,0.0,0.0,0.0,0.0,0.0,0.0,0.0,0.0,0.0,0.0,0.0,0.0,0.0,0.0,0.0,0.0,0.0,0.0,0.0,0.0,0.0,0.0,0.0,0.0,0.0,0.0,0.0,0.0,0.0,0.0,0.0,0.0,0.0,0.0,0.0,0.0,0.0,0.0,,,,,,,,,,,,,,,,,,,,,,,,,,
0.0,0.0,0.0,0.0,0.0,0.0,0.0,0.0,1.0,0.0,0.0,0.0,0.0,0.0,0.0,0.0,0.0,0.0,0.0,0.0,0.0,0.0,0.0,0.0,0.0,0.0,0.0,0.0,0.0,0.0,0.0,0.0,0.0,0.0,0.0,0.0,0.0,0.0,0.0,0.0,0.0,0.0,0.0,0.0,0.0,0.0,0.0,0.0,0.0,0.0,0.0,0.0,0.0,0.0,0.0,,,,,,,,,,,,,,,,,,,,,,,,,,
0.0,0.0,0.33137983,0.0,0.0,0.0,0.0,0.0,0.0,0.3234633,0.0,0.0,0.0,0.0,0.0,0.0,0.0,0.3451569,0.0,0.0,0.0,0.0,0.0,0.0,0.0,0.0,0.0,0.0,0.0,0.0,0.0,0.0,0.0,0.0,0.0,0.0,0.0,0.0,0.0,0.0,0.0,0.0,0.0,0.0,0.0,0.0,0.0,0.0,0.0,0.0,0.0,0.0,0.0,0.0,0.0,,,,,,,,,,,,,,,,,,,,,,,,,,
0.0,0.0,0.0,0.0,0.0,0.15834144,0.0,0.19102074,0.0,0.0,0.0,0.0,0.0,0.0,0.14286979,0.2194187,0.0,0.15986207,0.0,0.0,0.0,0.0,0.0,0.0,0.0,0.0,0.0,0.0,0.0,0.0,0.0,0.0,0.0,0.0,0.0,0.0,0.0,0.0,0.0,0.0,0.0,0.0,0.0,0.0,0.0,0.0,0.0,0.0,0.0,0.0,0.12848723,0.0,0.0,0.0,0.0,,,,,,,,,,,,,,,,,,,,,,,,,,
0.0,0.0,0.0,0.0,0.0,0.0,0.0,0.0,0.0,0.4389754,0.0,0.0,0.0,0.0,0.0,0.0,0.0,0.0,0.0,0.0,0.0,0.0,0.0,0.0,0.0,0.0,0.0,0.0,0.0,0.0,0.0,0.0,0.0,0.0,0.0,0.0,0.0,0.0,0.0,0.0,0.0,0.0,0.5610246,0.0,0.0,0.0,0.0,0.0,0.0,0.0,0.0,0.0,0.0,0.0,0.0,,,,,,,,,,,,,,,,,,,,,,,,,,
0.09914298,0.0,0.0,0.0,0.0,0.0,0.0,0.08625455,0.0,0.09263389,0.0,0.084120706,0.0,0.07886137,0.10254498,0.0,0.0,0.06722628,0.0,0.0,0.0,0.07417605,0.0,0.0,0.0,0.0,0.0,0.0,0.0,0.0,0.0,0.0,0.0,0.0,0.0,0.0,0.0,0.0,0.08614462,0.0,0.0,0.0,0.0,0.0,0.0,0.085100524,0.0,0.0,0.0,0.078922845,0.06487117,0.0,0.0,0.0,0.0,,,,,,,,,,,,,,,,,,,,,,,,,,
0.0,0.0,0.0,0.0,0.0,0.0,0.0,0.22721939,0.0,0.17816956,0.0,0.0,0.25052544,0.0,0.16597319,0.0,0.0,0.0,0.0,0.0,0.0,0.0,0.0,0.0,0.0,0.0,0.0,0.0,0.0,0.0,0.0,0.0,0.0,0.0,0.0,0.0,0.0,0.0,0.0,0.0,0.0,0.0,0.1781124,0.0,0.0,0.0,0.0,0.0,0.0,0.0,0.0,0.0,0.0,0.0,0.0,,,,,,,,,,,,,,,,,,,,,,,,,,
0.0,0.0,0.0,0.0,0.0,0.0,0.0,0.0,0.0,0.0,0.0,0.17029385,0.0,0.0,0.120826095,0.0,0.0,0.0,0.09881764,0.0,0.0,0.0,0.18336387,0.0,0.0,0.0,0.0,0.0,0.0,0.0,0.0,0.0,0.0,0.12696724,0.0,0.0,0.17594546,0.0,0.0,0.0,0.0,0.0,0.0,0.0,0.0,0.0,0.0,0.0,0.0,0.12378587,0.0,0.0,0.0,0.0,0.0,,,,,,,,,,,,,,,,,,,,,,,,,,
0.11462687,0.0,0.0,0.0,0.0,0.0,0.0,0.117459446,0.0,0.081760146,0.118043,0.0,0.105759524,0.0,0.07102393,0.0,0.0,0.08221249,0.06392487,0.0,0.0,0.0,0.0,0.0,0.0,0.0,0.0,0.0,0.0,0.0,0.0,0.0,0.0,0.0,0.0,0.0,0.0,0.0,0.08319898,0.0,0.0,0.0,0.0,0.0,0.0,0.0,0.07556117,0.0,0.0,0.0,0.08642959,0.0,0.0,0.0,0.0,,,,,,,,,,,,,,,,,,,,,,,,,,
0.0,0.0,0.0,0.0,0.0,0.0,0.0,0.093183026,0.0,0.07464706,0.14121911,0.0,0.0,0.096379265,0.051010545,0.0,0.0,0.0,0.0,0.0,0.0,0.0,0.0,0.07433236,0.0,0.0,0.0,0.0,0.0,0.108721025,0.0,0.0,0.0,0.0,0.0,0.0,0.0,0.0,0.081416465,0.0,0.0,0.0,0.04665388,0.06490471,0.0,0.09425549,0.0,0.0,0.0,0.0,0.073277,0.0,0.0,0.0,0.0,,,,,,,,,,,,,,,,,,,,,,,,,,
0.0,0.0,0.0,0.0,0.0,0.0,0.0,0.0,0.0,0.0,0.0,0.0,0.0,0.0,0.0,0.0,0.0,0.0,0.0,0.0,0.0,0.0,0.0,0.0,0.0,0.0,0.0,0.0,0.0,0.0,0.0,0.0,0.0,0.0,0.0,0.0,0.0,0.0,0.0,0.0,0.0,0.0,1.0,0.0,0.0,0.0,0.0,0.0,0.0,0.0,0.0,0.0,0.0,0.0,0.0,,,,,,,,,,,,,,,,,,,,,,,,,,
0.0,0.0,0.0,0.0,0.0,0.0,0.0,0.0,0.0,0.3352821,0.0,0.0,0.0,0.0,0.39710346,0.0,0.0,0.0,0.0,0.0,0.0,0.0,0.0,0.0,0.0,0.0,0.0,0.0,0.0,0.0,0.0,0.0,0.0,0.0,0.0,0.0,0.0,0.0,0.0,0.0,0.0,0.0,0.0,0.0,0.0,0.0,0.0,0.0,0.0,0.26761445,0.0,0.0,0.0,0.0,0.0,,,,,,,,,,,,,,,,,,,,,,,,,,
0.0,0.0,0.0,0.22254647,0.0,0.0,0.0,0.0,0.0,0.0,0.0,0.0,0.0,0.0,0.0,0.0,0.0,0.0,0.19114979,0.0,0.0,0.0,0.0,0.0,0.0,0.0,0.0,0.0,0.0,0.0,0.0,0.0,0.22332218,0.0,0.0,0.0,0.0,0.0,0.0,0.0,0.0,0.0,0.0,0.0,0.0,0.18585907,0.0,0.0,0.0,0.17712246,0.0,0.0,0.0,0.0,0.0,,,,,,,,,,,,,,,,,,,,,,,,,,
0.37713227,0.0,0.0,0.0,0.0,0.0,0.0,0.0,0.0,0.0,0.0,0.30554274,0.317325,0.0,0.0,0.0,0.0,0.0,0.0,0.0,0.0,0.0,0.0,0.0,0.0,0.0,0.0,0.0,0.0,0.0,0.0,0.0,0.0,0.0,0.0,0.0,0.0,0.0,0.0,0.0,0.0,0.0,0.0,0.0,0.0,0.0,0.0,0.0,0.0,0.0,0.0,0.0,0.0,0.0,0.0,,,,,,,,,,,,,,,,,,,,,,,,,,
0.0,0.0,0.0,0.0,0.0,0.0,0.0,0.0,0.0,0.0,0.0,0.0,0.0,0.0,0.48817813,0.0,0.0,0.0,0.0,0.0,0.0,0.0,0.0,0.0,0.0,0.0,0.0,0.0,0.0,0.0,0.0,0.0,0.0,0.0,0.5118219,0.0,0.0,0.0,0.0,0.0,0.0,0.0,0.0,0.0,0.0,0.0,0.0,0.0,0.0,0.0,0.0,0.0,0.0,0.0,0.0,,,,,,,,,,,,,,,,,,,,,,,,,,
0.0,0.0,0.0,0.0,0.0,0.0,0.0,0.0,0.0,0.0,0.0,0.0,0.0,0.0,0.0,0.0,0.0,0.0,0.0,0.0,0.0,0.0,0.0,0.0,0.0,0.0,0.0,0.0,0.0,0.0,0.0,0.0,0.0,0.0,0.0,0.0,0.0,0.0,0.0,0.0,0.0,0.0,0.0,1.0,0.0,0.0,0.0,0.0,0.0,0.0,0.0,0.0,0.0,0.0,0.0,,,,,,,,,,,,,,,,,,,,,,,,,,
0.0,0.0,0.0,0.0,0.0,0.0,0.0,0.27010843,0.0,0.43911064,0.0,0.0,0.0,0.0,0.0,0.0,0.0,0.0,0.0,0.0,0.0,0.0,0.0,0.0,0.0,0.0,0.0,0.0,0.0,0.0,0.0,0.0,0.0,0.0,0.0,0.0,0.0,0.0,0.290781,0.0,0.0,0.0,0.0,0.0,0.0,0.0,0.0,0.0,0.0,0.0,0.0,0.0,0.0,0.0,0.0,,,,,,,,,,,,,,,,,,,,,,,,,,
0.0,0.0,0.0,0.0,0.0,0.0,0.0,0.45163,0.0,0.0,0.0,0.0,0.0,0.0,0.0,0.0,0.0,0.0,0.0,0.0,0.0,0.0,0.0,0.0,0.0,0.0,0.0,0.0,0.0,0.0,0.0,0.0,0.0,0.0,0.0,0.0,0.0,0.0,0.0,0.0,0.0,0.0,0.54836994,0.0,0.0,0.0,0.0,0.0,0.0,0.0,0.0,0.0,0.0,0.0,0.0,,,,,,,,,,,,,,,,,,,,,,,,,,
0.0,0.0,0.0,0.0,0.0,0.0,0.0,0.0,0.0,1.0,0.0,0.0,0.0,0.0,0.0,0.0,0.0,0.0,0.0,0.0,0.0,0.0,0.0,0.0,0.0,0.0,0.0,0.0,0.0,0.0,0.0,0.0,0.0,0.0,0.0,0.0,0.0,0.0,0.0,0.0,0.0,0.0,0.0,0.0,0.0,0.0,0.0,0.0,0.0,0.0,0.0,0.0,0.0,0.0,0.0,,,,,,,,,,,,,,,,,,,,,,,,,,
0.0,0.0,0.0,0.0,0.0,0.0,0.0,0.0,0.0,0.0,0.0,0.0,0.0,0.0,0.39168152,0.0,0.0,0.0,0.32316414,0.0,0.0,0.0,0.0,0.0,0.0,0.0,0.0,0.0,0.0,0.0,0.0,0.0,0.0,0.0,0.0,0.0,0.0,0.0,0.0,0.0,0.0,0.0,0.0,0.0,0.0,0.0,0.0,0.0,0.0,0.28515425,0.0,0.0,0.0,0.0,0.0,,,,,,,,,,,,,,,,,,,,,,,,,,
0.28337428,0.0,0.0,0.0,0.0,0.0,0.0,0.24604656,0.0,0.15411577,0.0,0.0,0.0,0.0,0.15623972,0.0,0.0,0.0,0.1602237,0.0,0.0,0.0,0.0,0.0,0.0,0.0,0.0,0.0,0.0,0.0,0.0,0.0,0.0,0.0,0.0,0.0,0.0,0.0,0.0,0.0,0.0,0.0,0.0,0.0,0.0,0.0,0.0,0.0,0.0,0.0,0.0,0.0,0.0,0.0,0.0,,,,,,,,,,,,,,,,,,,,,,,,,,
0.0,0.0,0.0,0.0,0.0,0.0,0.0,0.0,0.0,0.0,0.0,0.0,0.0,0.0,1.0,0.0,0.0,0.0,0.0,0.0,0.0,0.0,0.0,0.0,0.0,0.0,0.0,0.0,0.0,0.0,0.0,0.0,0.0,0.0,0.0,0.0,0.0,0.0,0.0,0.0,0.0,0.0,0.0,0.0,0.0,0.0,0.0,0.0,0.0,0.0,0.0,0.0,0.0,0.0,0.0,,,,,,,,,,,,,,,,,,,,,,,,,,
0.0,0.0,0.0,0.0,0.0,0.0,0.0,0.0,0.0,1.0,0.0,0.0,0.0,0.0,0.0,0.0,0.0,0.0,0.0,0.0,0.0,0.0,0.0,0.0,0.0,0.0,0.0,0.0,0.0,0.0,0.0,0.0,0.0,0.0,0.0,0.0,0.0,0.0,0.0,0.0,0.0,0.0,0.0,0.0,0.0,0.0,0.0,0.0,0.0,0.0,0.0,0.0,0.0,0.0,0.0,,,,,,,,,,,,,,,,,,,,,,,,,,
0.0,0.0,0.0,0.0,0.0,0.0,0.0,0.0,0.0,0.17355321,0.0,0.0,0.0,0.0,0.18980804,0.0,0.0,0.21735923,0.21046597,0.0,0.0,0.0,0.0,0.0,0.0,0.0,0.0,0.0,0.0,0.0,0.0,0.0,0.0,0.2088136,0.0,0.0,0.0,0.0,0.0,0.0,0.0,0.0,0.0,0.0,0.0,0.0,0.0,0.0,0.0,0.0,0.0,0.0,0.0,0.0,0.0,,,,,,,,,,,,,,,,,,,,,,,,,,
0.0,0.0,0.0,0.0,0.0,0.0,0.0,0.0,0.0,0.0,0.0,0.0,0.0,0.0,0.0,0.0,0.0,0.0,0.0,0.0,0.0,0.0,0.0,0.0,0.0,0.0,0.0,0.0,0.0,0.0,0.0,0.0,0.0,0.0,0.0,0.0,0.0,0.0,0.0,0.0,0.0,0.0,0.0,0.0,0.0,0.0,0.0,0.0,0.0,0.0,0.0,0.0,0.0,0.0,1.0,,,,,,,,,,,,,,,,,,,,,,,,,,
0.0,0.0,0.2871997,0.0,0.0,0.0,0.0,0.30656275,0.0,0.4062375,0.0,0.0,0.0,0.0,0.0,0.0,0.0,0.0,0.0,0.0,0.0,0.0,0.0,0.0,0.0,0.0,0.0,0.0,0.0,0.0,0.0,0.0,0.0,0.0,0.0,0.0,0.0,0.0,0.0,0.0,0.0,0.0,0.0,0.0,0.0,0.0,0.0,0.0,0.0,0.0,0.0,0.0,0.0,0.0,0.0,,,,,,,,,,,,,,,,,,,,,,,,,,
0.0,0.0,0.0,0.0,0.0,0.0,0.0,0.0,0.0,0.0,0.0,0.0,0.0,0.0,0.0,1.0,0.0,0.0,0.0,0.0,0.0,0.0,0.0,0.0,0.0,0.0,0.0,0.0,0.0,0.0,0.0,0.0,0.0,0.0,0.0,0.0,0.0,0.0,0.0,0.0,0.0,0.0,0.0,0.0,0.0,0.0,0.0,0.0,0.0,0.0,0.0,0.0,0.0,0.0,0.0,,,,,,,,,,,,,,,,,,,,,,,,,,
0.0,0.0,0.0,0.0,0.0,0.0,0.0,0.0,0.0,0.30801484,0.0,0.0,0.0,0.0,0.32143104,0.0,0.0,0.0,0.37055406,0.0,0.0,0.0,0.0,0.0,0.0,0.0,0.0,0.0,0.0,0.0,0.0,0.0,0.0,0.0,0.0,0.0,0.0,0.0,0.0,0.0,0.0,0.0,0.0,0.0,0.0,0.0,0.0,0.0,0.0,0.0,0.0,0.0,0.0,0.0,0.0,,,,,,,,,,,,,,,,,,,,,,,,,,
0.0,0.0,0.0,0.0,0.0,0.0,0.0,1.0,0.0,0.0,0.0,0.0,0.0,0.0,0.0,0.0,0.0,0.0,0.0,0.0,0.0,0.0,0.0,0.0,0.0,0.0,0.0,0.0,0.0,0.0,0.0,0.0,0.0,0.0,0.0,0.0,0.0,0.0,0.0,0.0,0.0,0.0,0.0,0.0,0.0,0.0,0.0,0.0,0.0,0.0,0.0,0.0,0.0,0.0,0.0,,,,,,,,,,,,,,,,,,,,,,,,,,
0.0,0.0,0.0,0.0,0.0,0.0,0.0,0.0,0.0,0.4470867,0.0,0.0,0.5529133,0.0,0.0,0.0,0.0,0.0,0.0,0.0,0.0,0.0,0.0,0.0,0.0,0.0,0.0,0.0,0.0,0.0,0.0,0.0,0.0,0.0,0.0,0.0,0.0,0.0,0.0,0.0,0.0,0.0,0.0,0.0,0.0,0.0,0.0,0.0,0.0,0.0,0.0,0.0,0.0,0.0,0.0,,,,,,,,,,,,,,,,,,,,,,,,,,
0.0,0.0,0.0,0.0,0.0,0.0,0.0,0.20332354,0.0,0.20116554,0.0,0.0,0.0,0.0,0.18727046,0.0,0.0,0.0,0.0,0.0,0.0,0.0,0.0,0.0,0.0,0.0,0.0,0.0,0.0,0.0,0.0,0.0,0.0,0.0,0.0,0.0,0.0,0.0,0.0,0.0,0.0,0.0,0.22790442,0.0,0.0,0.0,0.0,0.0,0.0,0.18033609,0.0,0.0,0.0,0.0,0.0,,,,,,,,,,,,,,,,,,,,,,,,,,
0.0,0.0,0.0,0.0,0.0,0.0,0.0,1.0,0.0,0.0,0.0,0.0,0.0,0.0,0.0,0.0,0.0,0.0,0.0,0.0,0.0,0.0,0.0,0.0,0.0,0.0,0.0,0.0,0.0,0.0,0.0,0.0,0.0,0.0,0.0,0.0,0.0,0.0,0.0,0.0,0.0,0.0,0.0,0.0,0.0,0.0,0.0,0.0,0.0,0.0,0.0,0.0,0.0,0.0,0.0,,,,,,,,,,,,,,,,,,,,,,,,,,
0.0,0.0,0.2063131,0.0,0.0,0.0,0.0,0.25561917,0.0,0.0,0.0,0.0,0.0,0.0,0.0,0.0,0.0,0.32473934,0.0,0.0,0.0,0.0,0.0,0.21332839,0.0,0.0,0.0,0.0,0.0,0.0,0.0,0.0,0.0,0.0,0.0,0.0,0.0,0.0,0.0,0.0,0.0,0.0,0.0,0.0,0.0,0.0,0.0,0.0,0.0,0.0,0.0,0.0,0.0,0.0,0.0,,,,,,,,,,,,,,,,,,,,,,,,,,
0.0,0.0,0.0,0.0,0.0,0.11704406,0.0,0.121066585,0.0,0.12700118,0.0,0.09834632,0.16016223,0.0,0.0,0.0,0.0,0.0,0.09863009,0.0,0.0,0.0,0.0,0.09428475,0.0,0.0,0.0,0.0,0.0,0.0,0.0,0.0,0.0,0.0,0.0,0.0,0.0,0.0,0.0,0.0,0.0,0.0,0.0,0.0,0.0,0.09198867,0.0,0.0,0.0,0.0,0.09147611,0.0,0.0,0.0,0.0,,,,,,,,,,,,,,,,,,,,,,,,,,
0.0,0.0,0.0,0.0,0.0,0.16147546,0.0,0.16232885,0.0,0.0,0.0,0.0,0.0,0.0,0.0,0.0,0.0,0.11302745,0.12885657,0.0,0.0,0.0,0.0,0.11001123,0.0,0.0,0.0,0.0,0.0,0.0,0.0,0.0,0.0,0.10743336,0.0,0.0,0.0,0.0,0.0,0.0,0.0,0.0,0.0,0.0,0.0,0.0,0.0,0.0,0.0,0.0,0.0,0.21686707,0.0,0.0,0.0,,,,,,,,,,,,,,,,,,,,,,,,,,
0.0,0.0,0.0,0.0,0.0,0.0,0.0,0.0,0.0,0.23931682,0.0,0.2844434,0.0,0.0,0.24231371,0.0,0.0,0.0,0.0,0.0,0.0,0.0,0.0,0.0,0.0,0.0,0.0,0.0,0.0,0.0,0.0,0.0,0.0,0.0,0.0,0.0,0.0,0.0,0.0,0.0,0.0,0.0,0.0,0.0,0.0,0.0,0.0,0.0,0.0,0.0,0.23392601,0.0,0.0,0.0,0.0,,,,,,,,,,,,,,,,,,,,,,,,,,
0.0,0.14256112,0.0,0.0,0.0,0.0,0.0,0.15812069,0.0,0.11558597,0.0,0.0,0.14402424,0.0,0.11273695,0.0,0.0,0.0,0.0,0.0,0.0,0.0,0.0,0.0,0.0,0.0,0.0,0.0,0.0,0.0,0.0,0.0,0.0,0.0,0.0,0.0,0.0,0.0,0.0,0.0,0.0,0.0,0.0,0.0,0.0,0.13628156,0.19068938,0.0,0.0,0.0,0.0,0.0,0.0,0.0,0.0,,,,,,,,,,,,,,,,,,,,,,,,,,
0.0,0.0,0.0,0.0,0.0,0.0,0.0,0.0,0.0,0.12049955,0.0,0.0,0.19465403,0.0,0.15730348,0.26148877,0.0,0.0,0.1333262,0.0,0.0,0.0,0.0,0.0,0.0,0.0,0.0,0.0,0.0,0.0,0.0,0.0,0.0,0.0,0.0,0.0,0.0,0.0,0.0,0.0,0.0,0.0,0.0,0.0,0.0,0.0,0.0,0.0,0.0,0.0,0.13272797,0.0,0.0,0.0,0.0,,,,,,,,,,,,,,,,,,,,,,,,,,
0.0,0.0,0.111703694,0.0,0.0,0.0,0.0,0.11224187,0.12470552,0.0,0.0,0.13384505,0.14541225,0.0,0.10766054,0.0,0.0,0.0,0.0,0.1419029,0.0,0.0,0.0,0.0,0.0,0.0,0.0,0.0,0.0,0.0,0.0,0.0,0.0,0.0,0.0,0.0,0.0,0.0,0.0,0.0,0.0,0.0,0.0,0.0,0.0,0.0,0.0,0.0,0.0,0.12252816,0.0,0.0,0.0,0.0,0.0,,,,,,,,,,,,,,,,,,,,,,,,,,
0.0,0.0,0.0,0.21078332,0.0,0.0,0.0,0.0,0.0,0.12957121,0.0,0.19458729,0.0,0.0,0.097880885,0.0,0.0,0.0,0.0,0.0,0.0,0.0,0.0,0.0,0.0,0.0,0.0,0.0,0.0,0.17790172,0.0,0.0,0.0,0.0,0.0,0.0,0.0,0.0,0.0,0.0,0.0,0.1892756,0.0,0.0,0.0,0.0,0.0,0.0,0.0,0.0,0.0,0.0,0.0,0.0,0.0,,,,,,,,,,,,,,,,,,,,,,,,,,
0.0,0.0,0.0,0.0,0.0,0.0976017,0.0,0.11691743,0.086914435,0.13123927,0.074393794,0.07700767,0.08242813,0.0,0.06660333,0.0,0.0,0.13081904,0.0,0.0,0.0,0.0,0.0,0.06841453,0.0,0.0,0.0,0.0,0.0,0.0,0.0,0.0,0.0,0.0,0.0,0.0,0.0,0.0,0.0,0.0,0.0,0.0,0.0,0.0,0.0,0.06766069,0.0,0.0,0.0,0.0,0.0,0.0,0.0,0.0,0.0,,,,,,,,,,,,,,,,,,,,,,,,,,
0.0,0.0,0.14595899,0.0,0.0,0.0,0.0,0.1368047,0.0,0.07746778,0.0,0.12533998,0.0,0.0,0.07797831,0.0,0.0,0.0,0.0,0.11449813,0.0,0.0,0.0,0.0,0.0,0.0,0.0,0.0,0.20844346,0.0,0.0,0.113508634,0.0,0.0,0.0,0.0,0.0,0.0,0.0,0.0,0.0,0.0,0.0,0.0,0.0,0.0,0.0,0.0,0.0,0.0,0.0,0.0,0.0,0.0,0.0,,,,,,,,,,,,,,,,,,,,,,,,,,
0.0,0.0,0.0,0.0,0.0,0.0,0.0,0.0,0.0,0.18155092,0.0,0.0,0.0,0.0,0.2052619,0.39814365,0.0,0.0,0.0,0.0,0.0,0.0,0.0,0.0,0.0,0.0,0.0,0.0,0.0,0.0,0.0,0.0,0.0,0.0,0.0,0.0,0.0,0.0,0.0,0.0,0.0,0.0,0.21504351,0.0,0.0,0.0,0.0,0.0,0.0,0.0,0.0,0.0,0.0,0.0,0.0,,,,,,,,,,,,,,,,,,,,,,,,,,
0.57918483,0.0,0.0,0.0,0.0,0.0,0.0,0.0,0.0,0.42081517,0.0,0.0,0.0,0.0,0.0,0.0,0.0,0.0,0.0,0.0,0.0,0.0,0.0,0.0,0.0,0.0,0.0,0.0,0.0,0.0,0.0,0.0,0.0,0.0,0.0,0.0,0.0,0.0,0.0,0.0,0.0,0.0,0.0,0.0,0.0,0.0,0.0,0.0,0.0,0.0,0.0,0.0,0.0,0.0,0.0,,,,,,,,,,,,,,,,,,,,,,,,,,
0.0,0.0,0.0,0.0,0.0,0.0,0.0,0.0,0.0,0.4389754,0.0,0.0,0.0,0.0,0.0,0.0,0.0,0.0,0.0,0.0,0.0,0.0,0.0,0.0,0.0,0.0,0.0,0.0,0.0,0.0,0.0,0.0,0.0,0.0,0.0,0.0,0.0,0.0,0.0,0.0,0.0,0.0,0.5610246,0.0,0.0,0.0,0.0,0.0,0.0,0.0,0.0,0.0,0.0,0.0,0.0,,,,,,,,,,,,,,,,,,,,,,,,,,
0.0,0.0,0.0,0.0,0.0,0.0,0.0,0.0,0.0,0.16576226,0.0,0.239408,0.24850434,0.0,0.15682141,0.0,0.0,0.0,0.18950398,0.0,0.0,0.0,0.0,0.0,0.0,0.0,0.0,0.0,0.0,0.0,0.0,0.0,0.0,0.0,0.0,0.0,0.0,0.0,0.0,0.0,0.0,0.0,0.0,0.0,0.0,0.0,0.0,0.0,0.0,0.0,0.0,0.0,0.0,0.0,0.0,,,,,,,,,,,,,,,,,,,,,,,,,,
0.0,0.0,0.0,0.0,0.0,0.0,0.0,0.0,0.0,0.0,0.0,0.0,0.0,0.0,0.52008253,0.0,0.0,0.0,0.0,0.0,0.0,0.0,0.0,0.0,0.0,0.0,0.0,0.0,0.0,0.0,0.0,0.0,0.0,0.0,0.0,0.0,0.0,0.0,0.0,0.0,0.0,0.0,0.47991747,0.0,0.0,0.0,0.0,0.0,0.0,0.0,0.0,0.0,0.0,0.0,0.0,,,,,,,,,,,,,,,,,,,,,,,,,,
0.0,0.0,0.13947925,0.0,0.0,0.0,0.0,0.09166169,0.0,0.079259224,0.110757984,0.0,0.09645634,0.0,0.0,0.0,0.0,0.13434334,0.0,0.0,0.0,0.0,0.0,0.065310046,0.0,0.0,0.0,0.0,0.0,0.0,0.0,0.0,0.0,0.0,0.0,0.0,0.0,0.0,0.081950955,0.0,0.0,0.0,0.0,0.0,0.0,0.093425475,0.0,0.0,0.0,0.10735572,0.0,0.0,0.0,0.0,0.0,,,,,,,,,,,,,,,,,,,,,,,,,,
0.0,0.0,0.0,0.0,0.0,0.0,0.0,0.0,0.0,0.2439651,0.0,0.0,0.0,0.0,0.29542544,0.0,0.0,0.0,0.0,0.0,0.0,0.0,0.0,0.21685314,0.0,0.0,0.0,0.0,0.0,0.0,0.0,0.0,0.0,0.0,0.0,0.0,0.0,0.0,0.0,0.0,0.0,0.0,0.0,0.0,0.0,0.0,0.0,0.0,0.0,0.0,0.24375623,0.0,0.0,0.0,0.0,,,,,,,,,,,,,,,,,,,,,,,,,,
0.0,0.0,0.0,0.0,0.0,0.0,0.0,0.11230278,0.0,0.0,0.0,0.0,0.0,0.0,0.0,0.0,0.0,0.0,0.0,0.0,0.0,0.0,0.0,0.12437486,0.0,0.0,0.0,0.0,0.0,0.0,0.0,0.0,0.0,0.0,0.19891194,0.0,0.0,0.14006548,0.0,0.0,0.13703744,0.0,0.0,0.17212419,0.0,0.0,0.0,0.0,0.0,0.0,0.115183316,0.0,0.0,0.0,0.0,,,,,,,,,,,,,,,,,,,,,,,,,,
0.0,0.0,0.1181622,0.0,0.0,0.0,0.0,0.0,0.095543355,0.10092225,0.0,0.0,0.12328528,0.0,0.10771205,0.0,0.0,0.0,0.0,0.0,0.0,0.0,0.0,0.10070635,0.0,0.0,0.0,0.0,0.0,0.0,0.0,0.0,0.0,0.0,0.0,0.0,0.0,0.0,0.0,0.0,0.0,0.0,0.0,0.12835144,0.0,0.0,0.14330427,0.0,0.0,0.0,0.08201282,0.0,0.0,0.0,0.0,,,,,,,,,,,,,,,,,,,,,,,,,,
0.0,0.0,0.0,0.0,0.0,0.0,0.0,0.13196261,0.0,0.16671243,0.0,0.0,0.0,0.0,0.0,0.0,0.0,0.0,0.0,0.0,0.0,0.0,0.0,0.15227766,0.19725679,0.0,0.0,0.0,0.0,0.17394985,0.0,0.0,0.0,0.0,0.0,0.0,0.0,0.0,0.0,0.0,0.0,0.0,0.1778406,0.0,0.0,0.0,0.0,0.0,0.0,0.0,0.0,0.0,0.0,0.0,0.0,,,,,,,,,,,,,,,,,,,,,,,,,,
0.0,0.0,0.0,0.0,0.0,0.0,0.0,0.15676744,0.0,0.0,0.0,0.0,0.0,0.0,0.14933954,0.0,0.0,0.19079903,0.0,0.0,0.0,0.0,0.0,0.0,0.0,0.23597881,0.0,0.0,0.0,0.0,0.0,0.0,0.0,0.0,0.0,0.0,0.0,0.0,0.09952666,0.0,0.1675885,0.0,0.0,0.0,0.0,0.0,0.0,0.0,0.0,0.0,0.0,0.0,0.0,0.0,0.0,,,,,,,,,,,,,,,,,,,,,,,,,,
0.0,0.0,0.0,0.0,0.0,0.0,0.0,0.20139712,0.0,0.0,0.0,0.0,0.252028,0.0,0.18498065,0.0,0.0,0.19677766,0.0,0.0,0.0,0.0,0.0,0.0,0.0,0.0,0.0,0.0,0.0,0.0,0.0,0.0,0.0,0.0,0.0,0.0,0.0,0.0,0.16481662,0.0,0.0,0.0,0.0,0.0,0.0,0.0,0.0,0.0,0.0,0.0,0.0,0.0,0.0,0.0,0.0,,,,,,,,,,,,,,,,,,,,,,,,,,
0.0,0.0,0.0,0.0,0.0,0.0,0.0,0.14666545,0.0,0.09410768,0.0,0.11052515,0.0,0.11152632,0.0,0.0,0.0,0.0,0.07403427,0.0,0.0,0.0,0.0,0.0,0.0,0.0,0.0,0.12510249,0.0,0.0,0.0,0.0,0.0,0.0,0.0,0.0,0.0,0.0,0.0,0.0,0.0,0.0,0.0,0.0,0.0,0.09952235,0.0,0.0,0.0,0.1294899,0.10902637,0.0,0.0,0.0,0.0,,,,,,,,,,,,,,,,,,,,,,,,,,
0.0,0.0,0.0,0.0,0.0,0.0,0.0,0.0,0.0,0.0,0.0,0.0,0.0,0.0,0.3989202,0.0,0.0,0.0,0.0,0.0,0.0,0.0,0.0,0.0,0.0,0.0,0.0,0.0,0.0,0.0,0.0,0.0,0.0,0.0,0.0,0.0,0.0,0.0,0.0,0.0,0.0,0.0,0.0,0.0,0.0,0.0,0.0,0.0,0.0,0.3027713,0.2983085,0.0,0.0,0.0,0.0,,,,,,,,,,,,,,,,,,,,,,,,,,
0.0,0.0,0.0,0.0,0.0,0.0,0.0,0.0,0.0,0.30801484,0.0,0.0,0.0,0.0,0.32143104,0.0,0.0,0.0,0.37055406,0.0,0.0,0.0,0.0,0.0,0.0,0.0,0.0,0.0,0.0,0.0,0.0,0.0,0.0,0.0,0.0,0.0,0.0,0.0,0.0,0.0,0.0,0.0,0.0,0.0,0.0,0.0,0.0,0.0,0.0,0.0,0.0,0.0,0.0,0.0,0.0,,,,,,,,,,,,,,,,,,,,,,,,,,
0.0,0.0,0.0,0.0,0.0,0.0,0.0,0.116996124,0.0,0.14541501,0.16997637,0.0,0.0,0.0,0.0,0.0,0.0,0.0,0.10467843,0.0,0.0,0.0,0.0,0.13833506,0.0,0.0,0.0,0.0,0.0,0.0,0.0,0.0,0.0,0.0,0.0,0.0,0.0,0.0,0.10167985,0.0,0.0,0.0,0.10422221,0.0,0.0,0.1186969,0.0,0.0,0.0,0.0,0.0,0.0,0.0,0.0,0.0,,,,,,,,,,,,,,,,,,,,,,,,,,
0.0,0.0,0.0,0.0,0.0,0.0,0.0,0.0,0.0,0.0,0.0,0.29940456,0.0,0.0,0.0,0.0,0.0,0.29900485,0.0,0.0,0.0,0.0,0.0,0.0,0.0,0.40159053,0.0,0.0,0.0,0.0,0.0,0.0,0.0,0.0,0.0,0.0,0.0,0.0,0.0,0.0,0.0,0.0,0.0,0.0,0.0,0.0,0.0,0.0,0.0,0.0,0.0,0.0,0.0,0.0,0.0,,,,,,,,,,,,,,,,,,,,,,,,,,
0.0,0.0,0.0,0.0,0.0,0.0,0.25082934,0.0,0.0,0.0,0.0,0.0,0.15846328,0.0,0.14295828,0.0,0.0,0.0,0.0,0.0,0.0,0.0,0.0,0.0,0.0,0.0,0.0,0.0,0.0,0.2411261,0.0,0.0,0.0,0.0,0.0,0.0,0.0,0.0,0.0,0.0,0.0,0.0,0.0,0.0,0.0,0.0,0.20662308,0.0,0.0,0.0,0.0,0.0,0.0,0.0,0.0,,,,,,,,,,,,,,,,,,,,,,,,,,
0.0,0.0,0.0,0.0,0.0,0.0,0.0,0.142241,0.0,0.0,0.0,0.0,0.0,0.0,0.23851293,0.0,0.0,0.0,0.0,0.0,0.0,0.0,0.0,0.0,0.0,0.0,0.0,0.0,0.0,0.0,0.0,0.0,0.0,0.0,0.0,0.0,0.0,0.0,0.0,0.0,0.0,0.0,0.16032772,0.0,0.28941458,0.0,0.0,0.0,0.0,0.1695037,0.0,0.0,0.0,0.0,0.0,,,,,,,,,,,,,,,,,,,,,,,,,,
0.0,0.0,0.0,0.0,0.0,0.0,0.0,0.0,0.0,0.0,0.0,0.0,0.0,0.0,0.0,0.0,0.0,0.6105835,0.0,0.0,0.0,0.0,0.0,0.0,0.0,0.0,0.0,0.0,0.0,0.0,0.0,0.0,0.0,0.0,0.0,0.0,0.0,0.0,0.0,0.0,0.0,0.0,0.0,0.38941655,0.0,0.0,0.0,0.0,0.0,0.0,0.0,0.0,0.0,0.0,0.0,,,,,,,,,,,,,,,,,,,,,,,,,,
0.0,0.0,0.0,0.0,0.0,0.0,0.0,0.2820762,0.0,0.0,0.0,0.0,0.0,0.0,0.0,0.0,0.0,0.0,0.0,0.0,0.0,0.0,0.0,0.0,0.0,0.0,0.0,0.0,0.0,0.0,0.0,0.0,0.0,0.0,0.0,0.0,0.0,0.0,0.0,0.0,0.0,0.0,0.3596938,0.0,0.0,0.35823005,0.0,0.0,0.0,0.0,0.0,0.0,0.0,0.0,0.0,,,,,,,,,,,,,,,,,,,,,,,,,,
0.0,0.0,0.0,0.0,0.0,0.0,0.0,0.0,0.0,0.0,0.0,0.31538442,0.0,0.0,0.26636952,0.0,0.0,0.0,0.0,0.0,0.0,0.0,0.0,0.0,0.0,0.0,0.0,0.0,0.0,0.0,0.0,0.0,0.0,0.0,0.0,0.0,0.0,0.0,0.0,0.0,0.0,0.0,0.0,0.0,0.0,0.0,0.0,0.0,0.0,0.19102722,0.0,0.0,0.0,0.0,0.22721887,,,,,,,,,,,,,,,,,,,,,,,,,,
0.0,0.0,0.0,0.0,0.0,0.0,0.0,0.0,0.0,0.0,0.0,0.0,0.0,0.0,0.0,0.0,0.0,0.6061866,0.0,0.0,0.0,0.0,0.0,0.0,0.0,0.0,0.0,0.0,0.0,0.0,0.0,0.0,0.0,0.3938134,0.0,0.0,0.0,0.0,0.0,0.0,0.0,0.0,0.0,0.0,0.0,0.0,0.0,0.0,0.0,0.0,0.0,0.0,0.0,0.0,0.0,,,,,,,,,,,,,,,,,,,,,,,,,,
0.0,0.0,0.0,0.0,0.0,0.0,0.0,0.15849544,0.0,0.0,0.0,0.0,0.0,0.0,0.23042054,0.0,0.0,0.0,0.0,0.0,0.0,0.0,0.0,0.1319517,0.0,0.0,0.0,0.0,0.0,0.0,0.0,0.0,0.0,0.0,0.0,0.0,0.0,0.0,0.0,0.0,0.0,0.0,0.0,0.0,0.0,0.0,0.218588,0.0,0.0,0.0,0.0,0.26054436,0.0,0.0,0.0,,,,,,,,,,,,,,,,,,,,,,,,,,
0.0,0.0,0.0,0.0,0.0,0.0,0.0,0.18891953,0.0,0.0,0.0,0.16990775,0.0,0.0,0.0,0.0,0.0,0.19812186,0.12196292,0.0,0.0,0.0,0.0,0.13735063,0.0,0.0,0.0,0.0,0.0,0.0,0.0,0.0,0.0,0.0,0.0,0.0,0.0,0.0,0.0,0.0,0.0,0.0,0.0,0.0,0.0,0.0,0.0,0.0,0.0,0.0,0.0,0.0,0.0,0.0,0.18373732,,,,,,,,,,,,,,,,,,,,,,,,,,
0.0,0.0,0.0,0.0,0.0,0.0,0.0,0.35212162,0.0,0.0,0.0,0.0,0.0,0.0,0.0,0.0,0.0,0.3688806,0.0,0.0,0.0,0.0,0.0,0.0,0.0,0.0,0.0,0.0,0.0,0.0,0.0,0.0,0.0,0.0,0.0,0.0,0.0,0.0,0.0,0.0,0.0,0.0,0.0,0.0,0.0,0.0,0.0,0.0,0.0,0.27899775,0.0,0.0,0.0,0.0,0.0,,,,,,,,,,,,,,,,,,,,,,,,,,
0.0,0.0,0.0,0.0,0.0,0.0,0.0,0.11266882,0.0,0.0,0.0,0.2013499,0.0,0.0,0.0,0.0,0.0,0.0,0.0,0.0,0.0,0.0,0.0,0.0,0.0,0.0,0.0,0.0,0.0,0.0,0.0,0.0,0.0,0.0,0.0,0.0,0.0,0.0,0.0,0.22560799,0.15725829,0.0,0.1826794,0.0,0.0,0.0,0.0,0.0,0.0,0.12043562,0.0,0.0,0.0,0.0,0.0,,,,,,,,,,,,,,,,,,,,,,,,,,
0.0,0.0,0.0,0.0,0.0,0.0,0.0,0.2297197,0.0,0.0,0.0,0.30211785,0.0,0.0,0.0,0.0,0.0,0.24110828,0.22705418,0.0,0.0,0.0,0.0,0.0,0.0,0.0,0.0,0.0,0.0,0.0,0.0,0.0,0.0,0.0,0.0,0.0,0.0,0.0,0.0,0.0,0.0,0.0,0.0,0.0,0.0,0.0,0.0,0.0,0.0,0.0,0.0,0.0,0.0,0.0,0.0,,,,,,,,,,,,,,,,,,,,,,,,,,
0.15129012,0.0,0.0,0.0,0.0,0.0,0.0,0.0,0.0,0.0,0.0,0.0,0.0,0.0,0.15919745,0.0,0.0,0.13817164,0.13769305,0.0,0.0,0.0,0.0,0.0,0.0,0.0,0.20656212,0.0,0.0,0.20708564,0.0,0.0,0.0,0.0,0.0,0.0,0.0,0.0,0.0,0.0,0.0,0.0,0.0,0.0,0.0,0.0,0.0,0.0,0.0,0.0,0.0,0.0,0.0,0.0,0.0,,,,,,,,,,,,,,,,,,,,,,,,,,
0.22877324,0.0,0.0,0.0,0.0,0.0,0.0,0.20676881,0.0,0.0,0.0,0.0,0.0,0.0,0.0,0.0,0.0,0.15868656,0.23668021,0.0,0.0,0.0,0.0,0.0,0.0,0.0,0.0,0.0,0.0,0.0,0.0,0.0,0.0,0.0,0.0,0.0,0.0,0.0,0.0,0.0,0.0,0.0,0.0,0.0,0.0,0.16909114,0.0,0.0,0.0,0.0,0.0,0.0,0.0,0.0,0.0,,,,,,,,,,,,,,,,,,,,,,,,,,
0.0,0.0,0.0,0.0,0.18855098,0.0,0.0,0.15199721,0.0,0.0,0.0,0.0,0.0,0.0,0.0,0.0,0.0,0.0,0.0,0.0,0.0,0.0,0.0,0.12587178,0.0,0.0,0.0,0.0,0.0,0.0,0.0,0.0,0.19080234,0.0,0.0,0.0,0.0,0.0,0.0,0.0,0.0,0.0,0.21272068,0.0,0.0,0.0,0.0,0.0,0.0,0.0,0.13005699,0.0,0.0,0.0,0.0,,,,,,,,,,,,,,,,,,,,,,,,,,
0.0,0.0,0.0,0.0,0.0,0.0,0.0,0.0,0.0,0.0,0.0,0.0,0.0,0.2498343,0.24371509,0.0,0.0,0.0,0.25034904,0.0,0.0,0.0,0.0,0.0,0.0,0.0,0.0,0.0,0.0,0.0,0.0,0.0,0.0,0.0,0.25610164,0.0,0.0,0.0,0.0,0.0,0.0,0.0,0.0,0.0,0.0,0.0,0.0,0.0,0.0,0.0,0.0,0.0,0.0,0.0,0.0,,,,,,,,,,,,,,,,,,,,,,,,,,
0.0,0.0,0.0,0.0,0.0,0.23952508,0.0,0.16188872,0.0,0.0,0.0,0.0,0.0,0.0,0.0,0.0,0.0,0.16443904,0.0,0.0,0.0,0.0,0.0,0.11861587,0.0,0.0,0.0,0.0,0.0,0.0,0.0,0.0,0.0,0.0,0.0,0.0,0.0,0.0,0.0,0.0,0.0,0.0,0.0,0.0,0.0,0.122793,0.0,0.0,0.0,0.0,0.0,0.0,0.19273823,0.0,0.0,,,,,,,,,,,,,,,,,,,,,,,,,,
0.19405785,0.0,0.0,0.0,0.0,0.13304795,0.0,0.0,0.0,0.10179118,0.0,0.0,0.0,0.0,0.12442165,0.0,0.0,0.0,0.0,0.0,0.21342453,0.0,0.0,0.10006656,0.0,0.0,0.0,0.0,0.0,0.0,0.0,0.0,0.0,0.0,0.0,0.0,0.0,0.0,0.0,0.0,0.0,0.0,0.0,0.0,0.0,0.0,0.0,0.0,0.0,0.0,0.13319027,0.0,0.0,0.0,0.0,,,,,,,,,,,,,,,,,,,,,,,,,,
0.0,0.0,0.0,0.0,0.0,0.0,0.0,0.321949,0.0,0.0,0.0,0.0,0.0,0.0,0.0,0.0,0.0,0.0,0.0,0.0,0.0,0.0,0.0,0.0,0.0,0.0,0.0,0.0,0.0,0.0,0.0,0.0,0.0,0.0,0.0,0.0,0.0,0.0,0.0,0.0,0.0,0.0,0.40310588,0.0,0.0,0.0,0.0,0.0,0.0,0.2749451,0.0,0.0,0.0,0.0,0.0,,,,,,,,,,,,,,,,,,,,,,,,,,
0.0,0.0,0.0,0.0,0.0,0.0,0.0,0.0,0.0,0.25519595,0.0,0.0,0.0,0.0,0.30418557,0.0,0.0,0.0,0.22570933,0.0,0.0,0.0,0.0,0.0,0.0,0.0,0.0,0.0,0.0,0.0,0.0,0.0,0.0,0.0,0.0,0.0,0.0,0.0,0.0,0.0,0.0,0.0,0.0,0.0,0.0,0.0,0.0,0.0,0.0,0.21490914,0.0,0.0,0.0,0.0,0.0,,,,,,,,,,,,,,,,,,,,,,,,,,
0.0,0.0,0.0,0.0,0.0,0.0,0.0,0.30096495,0.0,0.37063044,0.0,0.0,0.0,0.0,0.0,0.0,0.0,0.0,0.0,0.0,0.0,0.0,0.0,0.32840458,0.0,0.0,0.0,0.0,0.0,0.0,0.0,0.0,0.0,0.0,0.0,0.0,0.0,0.0,0.0,0.0,0.0,0.0,0.0,0.0,0.0,0.0,0.0,0.0,0.0,0.0,0.0,0.0,0.0,0.0,0.0,,,,,,,,,,,,,,,,,,,,,,,,,,
0.0,0.0,0.0,0.0,0.0,0.0,0.0,0.20316443,0.0,0.21138975,0.0,0.0,0.0,0.0,0.21828006,0.0,0.0,0.0,0.0,0.0,0.0,0.0,0.0,0.0,0.0,0.0,0.0,0.0,0.0,0.0,0.0,0.0,0.0,0.0,0.0,0.0,0.0,0.0,0.0,0.0,0.0,0.0,0.0,0.0,0.0,0.0,0.0,0.0,0.0,0.19683367,0.17033204,0.0,0.0,0.0,0.0,,,,,,,,,,,,,,,,,,,,,,,,,,
0.0,0.0,0.0,0.0,0.0,0.0,0.0,0.17679319,0.0,0.15757182,0.0,0.0,0.0,0.0,0.18474828,0.0,0.0,0.17493898,0.0,0.0,0.0,0.0,0.0,0.0,0.0,0.0,0.0,0.0,0.0,0.0,0.0,0.0,0.0,0.0,0.0,0.0,0.0,0.0,0.0,0.0,0.0,0.0,0.13454388,0.0,0.0,0.0,0.0,0.0,0.0,0.0,0.17140381,0.0,0.0,0.0,0.0,,,,,,,,,,,,,,,,,,,,,,,,,,
0.0,0.0,0.0,0.0,0.0,0.0,0.0,0.20671208,0.0,0.0,0.0,0.0,0.0,0.0,0.21475385,0.0,0.30541167,0.0,0.0,0.0,0.0,0.0,0.0,0.0,0.0,0.0,0.0,0.0,0.0,0.0,0.0,0.0,0.0,0.0,0.0,0.0,0.0,0.0,0.0,0.0,0.0,0.27312246,0.0,0.0,0.0,0.0,0.0,0.0,0.0,0.0,0.0,0.0,0.0,0.0,0.0,,,,,,,,,,,,,,,,,,,,,,,,,,
0.0,0.0,0.1260999,0.0,0.0,0.0,0.0,0.17079598,0.0,0.0,0.0,0.0,0.0,0.0,0.0,0.20117205,0.0,0.0,0.0,0.0,0.0,0.0,0.0,0.0,0.0,0.0,0.0,0.0,0.0,0.0,0.0,0.0,0.0,0.0,0.0,0.0,0.0,0.0,0.0,0.0,0.0,0.0,0.0,0.0,0.0,0.0,0.26675397,0.0,0.0,0.0,0.0,0.0,0.0,0.23517802,0.0,,,,,,,,,,,,,,,,,,,,,,,,,,
0.0,0.0,0.0,0.0,0.0,0.0,0.0,0.0,0.0,0.0,0.0,0.14397731,0.0,0.0,0.0,0.0,0.0,0.0,0.0,0.0,0.0,0.0,0.0,0.13395238,0.0,0.0,0.0,0.0,0.0,0.0,0.0,0.0,0.0,0.12171867,0.0,0.0,0.0,0.0,0.0,0.0,0.0,0.0,0.13939223,0.0,0.0,0.0,0.18703076,0.0,0.14578296,0.12814572,0.0,0.0,0.0,0.0,0.0,,,,,,,,,,,,,,,,,,,,,,,,,,
0.0,0.0,0.0,0.0,0.0,0.0,0.0,0.13810317,0.0,0.1768776,0.0,0.0,0.0,0.0,0.19164841,0.0,0.0,0.0,0.0,0.0,0.0,0.0,0.0,0.14287286,0.0,0.0,0.0,0.0,0.0,0.0,0.0,0.0,0.0,0.0,0.0,0.0,0.0,0.0,0.0,0.0,0.0,0.0,0.0,0.0,0.0,0.0,0.0,0.0,0.0,0.1809486,0.16954936,0.0,0.0,0.0,0.0,,,,,,,,,,,,,,,,,,,,,,,,,,
0.0,0.0,0.0,0.0,0.0,0.0,0.0,0.2305371,0.0,0.30143604,0.0,0.0,0.0,0.0,0.0,0.0,0.0,0.0,0.0,0.0,0.0,0.0,0.0,0.22309159,0.0,0.0,0.0,0.0,0.0,0.0,0.0,0.0,0.0,0.0,0.0,0.0,0.0,0.0,0.0,0.0,0.0,0.0,0.0,0.0,0.0,0.0,0.0,0.0,0.0,0.0,0.24493529,0.0,0.0,0.0,0.0,,,,,,,,,,,,,,,,,,,,,,,,,,
0.0,0.0,0.1499434,0.0,0.0,0.0,0.0,0.12432487,0.0,0.12191204,0.0,0.0,0.0,0.0,0.100761704,0.0,0.0,0.0,0.1163283,0.0,0.0,0.0,0.0,0.0,0.0,0.0,0.0,0.0,0.0,0.0,0.0,0.0,0.0,0.0,0.0,0.0,0.0,0.0,0.0,0.0,0.0,0.0,0.113103114,0.0,0.0,0.0,0.0,0.0,0.0,0.13945766,0.1341689,0.0,0.0,0.0,0.0,,,,,,,,,,,,,,,,,,,,,,,,,,
0.0,0.0,0.12504384,0.0,0.0,0.0,0.0,0.12699091,0.0,0.12190544,0.0,0.0,0.1279833,0.0,0.0,0.0,0.0,0.15620475,0.10895658,0.0,0.0,0.0,0.0,0.11442511,0.0,0.0,0.0,0.0,0.0,0.0,0.0,0.0,0.0,0.0,0.0,0.0,0.0,0.0,0.0,0.0,0.0,0.0,0.0,0.0,0.0,0.0,0.0,0.0,0.0,0.0,0.11849009,0.0,0.0,0.0,0.0,,,,,,,,,,,,,,,,,,,,,,,,,,
0.0,0.0,0.0,0.0,0.0,0.0,0.0,0.3268011,0.0,0.3319312,0.0,0.0,0.0,0.0,0.0,0.0,0.0,0.0,0.0,0.0,0.0,0.0,0.0,0.0,0.0,0.0,0.0,0.0,0.0,0.0,0.0,0.0,0.0,0.0,0.0,0.0,0.0,0.0,0.0,0.0,0.0,0.0,0.0,0.0,0.0,0.0,0.0,0.0,0.0,0.0,0.0,0.0,0.0,0.0,0.3412677,,,,,,,,,,,,,,,,,,,,,,,,,,
0.0,0.0,0.0,0.0,0.0,0.0,0.0,0.12465379,0.0,0.13964747,0.0,0.14627315,0.0,0.21188438,0.11873034,0.0,0.0,0.0,0.0,0.0,0.0,0.0,0.0,0.0,0.0,0.0,0.0,0.0,0.0,0.0,0.0,0.0,0.0,0.0,0.0,0.0,0.0,0.0,0.0,0.0,0.0,0.0,0.0,0.0,0.0,0.11607114,0.0,0.0,0.0,0.0,0.0,0.0,0.0,0.0,0.14273967,,,,,,,,,,,,,,,,,,,,,,,,,,
0.0,0.0,0.0,0.0,0.0,0.0,0.0,0.4273951,0.0,0.0,0.0,0.0,0.0,0.0,0.5726049,0.0,0.0,0.0,0.0,0.0,0.0,0.0,0.0,0.0,0.0,0.0,0.0,0.0,0.0,0.0,0.0,0.0,0.0,0.0,0.0,0.0,0.0,0.0,0.0,0.0,0.0,0.0,0.0,0.0,0.0,0.0,0.0,0.0,0.0,0.0,0.0,0.0,0.0,0.0,0.0,,,,,,,,,,,,,,,,,,,,,,,,,,
0.0,0.0,0.13053209,0.0,0.0,0.0,0.0,0.109802336,0.0,0.09665113,0.0,0.1407763,0.0,0.0,0.12268334,0.0,0.0,0.0,0.0,0.0,0.0,0.0,0.0,0.07895232,0.24426784,0.0,0.0,0.0,0.0,0.0,0.0,0.0,0.0,0.0,0.0,0.0,0.0,0.0,0.0,0.0,0.0,0.0,0.0,0.0,0.0,0.07633467,0.0,0.0,0.0,0.0,0.0,0.0,0.0,0.0,0.0,,,,,,,,,,,,,,,,,,,,,,,,,,
0.0,0.0,0.0,0.0,0.0,0.0,0.0,0.14709292,0.0,0.18214172,0.0,0.0,0.0,0.0,0.16645275,0.2475187,0.0,0.0,0.0,0.0,0.0,0.0,0.0,0.1121659,0.0,0.0,0.0,0.0,0.0,0.0,0.0,0.0,0.0,0.0,0.0,0.0,0.0,0.0,0.0,0.0,0.0,0.0,0.0,0.0,0.0,0.0,0.0,0.0,0.0,0.0,0.14462794,0.0,0.0,0.0,0.0,,,,,,,,,,,,,,,,,,,,,,,,,,
0.0,0.0,0.0,0.0,0.0,0.0,0.0,0.0,0.22420447,0.15349403,0.0,0.0,0.0,0.0,0.1672263,0.2165586,0.0,0.0,0.0,0.0,0.0,0.0,0.0,0.0,0.0,0.0,0.0,0.0,0.0,0.0,0.0,0.0,0.0,0.23851655,0.0,0.0,0.0,0.0,0.0,0.0,0.0,0.0,0.0,0.0,0.0,0.0,0.0,0.0,0.0,0.0,0.0,0.0,0.0,0.0,0.0,,,,,,,,,,,,,,,,,,,,,,,,,,
0.0,0.0,0.0,0.0,0.0,0.0,0.0,0.24580197,0.0,0.0,0.0,0.0,0.0,0.0,0.0,0.0,0.0,0.0,0.0,0.0,0.0,0.0,0.0,0.0,0.0,0.0,0.0,0.0,0.0,0.0,0.0,0.0,0.0,0.0,0.0,0.0,0.0,0.0,0.0,0.0,0.0,0.0,0.2037352,0.20379141,0.0,0.0,0.3466714,0.0,0.0,0.0,0.0,0.0,0.0,0.0,0.0,,,,,,,,,,,,,,,,,,,,,,,,,,
0.0,0.0,0.0,0.0,0.0,0.0,0.0,0.0,0.0,0.0,0.0,0.52552146,0.0,0.0,0.47447854,0.0,0.0,0.0,0.0,0.0,0.0,0.0,0.0,0.0,0.0,0.0,0.0,0.0,0.0,0.0,0.0,0.0,0.0,0.0,0.0,0.0,0.0,0.0,0.0,0.0,0.0,0.0,0.0,0.0,0.0,0.0,0.0,0.0,0.0,0.0,0.0,0.0,0.0,0.0,0.0,,,,,,,,,,,,,,,,,,,,,,,,,,
0.0,0.0,0.0,0.0,0.0,0.0,0.0,0.0,0.0,1.0,0.0,0.0,0.0,0.0,0.0,0.0,0.0,0.0,0.0,0.0,0.0,0.0,0.0,0.0,0.0,0.0,0.0,0.0,0.0,0.0,0.0,0.0,0.0,0.0,0.0,0.0,0.0,0.0,0.0,0.0,0.0,0.0,0.0,0.0,0.0,0.0,0.0,0.0,0.0,0.0,0.0,0.0,0.0,0.0,0.0,,,,,,,,,,,,,,,,,,,,,,,,,,
0.0,0.0,0.0,0.0,0.0,0.0,0.0,0.0,0.0,0.13902664,0.0,0.0,0.0,0.0,0.19587235,0.0,0.0,0.0,0.0,0.0,0.0,0.0,0.0,0.0,0.0,0.0,0.0,0.0,0.0,0.0,0.23141263,0.0,0.0,0.0,0.0,0.0,0.0,0.0,0.0,0.0,0.0,0.0,0.1580864,0.1389978,0.0,0.0,0.0,0.0,0.0,0.13660416,0.0,0.0,0.0,0.0,0.0,,,,,,,,,,,,,,,,,,,,,,,,,,
0.0,0.0,0.15954585,0.0,0.0,0.0,0.0,0.1549616,0.20270908,0.0,0.0,0.0,0.0,0.0,0.22147796,0.0,0.0,0.0,0.0,0.0,0.0,0.0,0.0,0.0,0.0,0.0,0.0,0.0,0.0,0.0,0.0,0.0,0.0,0.0,0.0,0.26130548,0.0,0.0,0.0,0.0,0.0,0.0,0.0,0.0,0.0,0.0,0.0,0.0,0.0,0.0,0.0,0.0,0.0,0.0,0.0,,,,,,,,,,,,,,,,,,,,,,,,,,
0.0,0.0,0.0,0.0,0.0,0.0,0.0,0.0,0.0,0.0,0.0,0.0,0.0,0.0,0.38189563,0.0,0.0,0.0,0.0,0.0,0.0,0.0,0.0,0.0,0.0,0.0,0.0,0.0,0.0,0.0,0.0,0.0,0.0,0.0,0.0,0.0,0.0,0.0,0.0,0.0,0.0,0.0,0.33728918,0.28081518,0.0,0.0,0.0,0.0,0.0,0.0,0.0,0.0,0.0,0.0,0.0,,,,,,,,,,,,,,,,,,,,,,,,,,
0.0,0.0,0.0,0.0,0.0,0.0,0.0,0.0,0.0,0.0,0.0,0.0,0.0,0.0,0.24504733,0.0,0.0,0.2138198,0.0,0.0,0.0,0.0,0.0,0.0,0.0,0.0,0.0,0.0,0.0,0.0,0.0,0.0,0.0,0.0,0.0,0.0,0.0,0.0,0.0,0.0,0.33466986,0.0,0.0,0.20646301,0.0,0.0,0.0,0.0,0.0,0.0,0.0,0.0,0.0,0.0,0.0,,,,,,,,,,,,,,,,,,,,,,,,,,
0.0,0.0,0.0,0.0,0.0,0.0,0.0,0.26260203,0.0,0.23104091,0.0,0.0,0.0,0.0,0.25530246,0.0,0.0,0.0,0.0,0.0,0.0,0.0,0.0,0.0,0.0,0.0,0.0,0.0,0.0,0.0,0.0,0.0,0.0,0.0,0.0,0.0,0.0,0.0,0.0,0.0,0.0,0.0,0.2510546,0.0,0.0,0.0,0.0,0.0,0.0,0.0,0.0,0.0,0.0,0.0,0.0,,,,,,,,,,,,,,,,,,,,,,,,,,
0.0,0.0,0.0,0.0,0.0,0.0,0.0,0.19507371,0.0,0.22600484,0.0,0.0,0.0,0.0,0.19313581,0.0,0.0,0.20391458,0.0,0.0,0.0,0.0,0.0,0.1818711,0.0,0.0,0.0,0.0,0.0,0.0,0.0,0.0,0.0,0.0,0.0,0.0,0.0,0.0,0.0,0.0,0.0,0.0,0.0,0.0,0.0,0.0,0.0,0.0,0.0,0.0,0.0,0.0,0.0,0.0,0.0,,,,,,,,,,,,,,,,,,,,,,,,,,
0.0,0.0,0.0,0.0,0.0,0.24559194,0.0,0.0,0.0,0.2269291,0.0,0.0,0.0,0.0,0.23865576,0.0,0.0,0.0,0.0,0.0,0.0,0.0,0.0,0.0,0.0,0.0,0.0,0.0,0.0,0.0,0.0,0.0,0.0,0.0,0.0,0.0,0.0,0.0,0.0,0.0,0.0,0.0,0.2888232,0.0,0.0,0.0,0.0,0.0,0.0,0.0,0.0,0.0,0.0,0.0,0.0,,,,,,,,,,,,,,,,,,,,,,,,,,
0.0,0.0,0.0,0.0,0.0,0.0,0.0,0.0,0.0,0.2696708,0.0,0.0,0.0,0.0,0.3711009,0.0,0.0,0.35922834,0.0,0.0,0.0,0.0,0.0,0.0,0.0,0.0,0.0,0.0,0.0,0.0,0.0,0.0,0.0,0.0,0.0,0.0,0.0,0.0,0.0,0.0,0.0,0.0,0.0,0.0,0.0,0.0,0.0,0.0,0.0,0.0,0.0,0.0,0.0,0.0,0.0,,,,,,,,,,,,,,,,,,,,,,,,,,
0.0,0.0,0.0,0.0,0.0,0.0,0.0,0.0,0.0,0.28370416,0.0,0.0,0.0,0.0,0.35394183,0.0,0.0,0.0,0.0,0.0,0.0,0.0,0.0,0.0,0.0,0.0,0.0,0.0,0.0,0.0,0.0,0.0,0.0,0.0,0.0,0.0,0.0,0.0,0.0,0.0,0.0,0.0,0.36235398,0.0,0.0,0.0,0.0,0.0,0.0,0.0,0.0,0.0,0.0,0.0,0.0,,,,,,,,,,,,,,,,,,,,,,,,,,
0.0,0.0,0.0,0.0,0.0,0.0,0.0,0.0,0.0,0.0,0.0,0.0,0.0,0.0,0.0,0.0,0.0,0.0,0.0,0.0,0.0,0.0,0.0,0.0,0.0,0.0,0.0,0.0,0.0,0.0,0.0,0.0,0.0,0.0,0.0,0.0,0.0,0.0,0.0,0.0,0.0,0.0,0.0,0.20504047,0.0,0.0,0.24847218,0.0,0.0,0.0,0.0,0.2847568,0.26173055,0.0,0.0,,,,,,,,,,,,,,,,,,,,,,,,,,
0.0,0.0,0.0,0.0,0.0,0.0,0.0,0.0,0.0,0.23381993,0.0,0.0,0.0,0.0,0.28510988,0.0,0.0,0.2794567,0.0,0.0,0.0,0.0,0.0,0.0,0.0,0.0,0.0,0.0,0.0,0.0,0.0,0.0,0.0,0.0,0.0,0.0,0.0,0.0,0.0,0.0,0.0,0.0,0.0,0.0,0.0,0.0,0.0,0.0,0.0,0.20161355,0.0,0.0,0.0,0.0,0.0,,,,,,,,,,,,,,,,,,,,,,,,,,
0.0,0.0,0.0,0.0,0.0,0.0,0.0,0.51025915,0.0,0.0,0.0,0.0,0.0,0.0,0.0,0.0,0.0,0.48974088,0.0,0.0,0.0,0.0,0.0,0.0,0.0,0.0,0.0,0.0,0.0,0.0,0.0,0.0,0.0,0.0,0.0,0.0,0.0,0.0,0.0,0.0,0.0,0.0,0.0,0.0,0.0,0.0,0.0,0.0,0.0,0.0,0.0,0.0,0.0,0.0,0.0,,,,,,,,,,,,,,,,,,,,,,,,,,
0.0,0.0,0.1979848,0.0,0.0,0.0,0.0,0.26150456,0.33078876,0.0,0.0,0.0,0.0,0.0,0.0,0.0,0.0,0.0,0.0,0.0,0.0,0.0,0.0,0.20972188,0.0,0.0,0.0,0.0,0.0,0.0,0.0,0.0,0.0,0.0,0.0,0.0,0.0,0.0,0.0,0.0,0.0,0.0,0.0,0.0,0.0,0.0,0.0,0.0,0.0,0.0,0.0,0.0,0.0,0.0,0.0,,,,,,,,,,,,,,,,,,,,,,,,,,
0.0,0.0,0.0,0.0,0.0,0.0,0.0,0.16789246,0.0,0.0,0.0,0.0,0.0,0.0,0.0,0.0,0.0,0.0,0.0,0.0,0.0,0.0,0.0,0.13906921,0.0,0.0,0.0,0.0,0.0,0.22261728,0.0,0.0,0.0,0.0,0.0,0.0,0.0,0.0,0.0,0.0,0.0,0.0,0.17266637,0.0,0.0,0.0,0.16809247,0.0,0.0,0.0,0.12966216,0.0,0.0,0.0,0.0,,,,,,,,,,,,,,,,,,,,,,,,,,
0.0,0.20908299,0.0,0.0,0.0,0.0,0.0,0.21069491,0.0,0.0,0.0,0.0,0.0,0.0,0.20913734,0.0,0.0,0.0,0.18342546,0.0,0.0,0.0,0.0,0.0,0.0,0.0,0.0,0.0,0.0,0.0,0.0,0.0,0.0,0.0,0.0,0.0,0.0,0.0,0.0,0.0,0.0,0.0,0.0,0.0,0.0,0.0,0.0,0.0,0.0,0.0,0.18765925,0.0,0.0,0.0,0.0,,,,,,,,,,,,,,,,,,,,,,,,,,
0.0,0.0,0.0,0.0,0.0,0.0,0.0,0.0,0.0,0.0,0.0,0.0,0.0,0.0,0.0,0.0,0.0,0.0,0.0,0.0,0.0,0.0,0.0,0.0,0.0,0.0,0.0,0.0,0.0,0.0,0.0,0.0,0.0,0.0,0.0,0.0,0.0,0.0,0.0,0.0,0.0,0.0,0.0,0.0,0.0,0.0,1.0,0.0,0.0,0.0,0.0,0.0,0.0,0.0,0.0,,,,,,,,,,,,,,,,,,,,,,,,,,
0.0,0.0,0.0,0.0,0.0,0.0,0.0,0.4273951,0.0,0.0,0.0,0.0,0.0,0.0,0.5726049,0.0,0.0,0.0,0.0,0.0,0.0,0.0,0.0,0.0,0.0,0.0,0.0,0.0,0.0,0.0,0.0,0.0,0.0,0.0,0.0,0.0,0.0,0.0,0.0,0.0,0.0,0.0,0.0,0.0,0.0,0.0,0.0,0.0,0.0,0.0,0.0,0.0,0.0,0.0,0.0,,,,,,,,,,,,,,,,,,,,,,,,,,
0.0,0.0,0.17348,0.0,0.0,0.0,0.0,0.18374407,0.0,0.2555728,0.0,0.0,0.0,0.0,0.0,0.0,0.0,0.0,0.0,0.0,0.0,0.0,0.0,0.17644261,0.0,0.0,0.0,0.0,0.0,0.0,0.0,0.0,0.0,0.0,0.0,0.0,0.0,0.0,0.0,0.0,0.0,0.0,0.0,0.0,0.0,0.0,0.0,0.0,0.0,0.0,0.21076058,0.0,0.0,0.0,0.0,,,,,,,,,,,,,,,,,,,,,,,,,,
0.0,0.0,0.0,0.0,0.0,0.0,0.0,0.0,0.5331771,0.0,0.0,0.0,0.0,0.0,0.0,0.0,0.0,0.0,0.0,0.0,0.0,0.0,0.0,0.0,0.0,0.0,0.0,0.0,0.0,0.0,0.0,0.0,0.0,0.0,0.0,0.0,0.0,0.0,0.0,0.0,0.0,0.0,0.46682295,0.0,0.0,0.0,0.0,0.0,0.0,0.0,0.0,0.0,0.0,0.0,0.0,,,,,,,,,,,,,,,,,,,,,,,,,,
0.0,0.0,0.0,0.0,0.0,0.0,0.0,0.0,0.0,0.0,0.0,0.0,0.0,0.0,0.19039108,0.0,0.21862932,0.0,0.0,0.0,0.0,0.0,0.0,0.1270714,0.0,0.0,0.0,0.0,0.0,0.0,0.0,0.0,0.0,0.0,0.14073756,0.0,0.0,0.0,0.0,0.0,0.0,0.0,0.0,0.0,0.0,0.0,0.15486276,0.0,0.0,0.0,0.0,0.16830792,0.0,0.0,0.0,,,,,,,,,,,,,,,,,,,,,,,,,,
0.0,0.0,0.0,0.0,0.0,0.0,0.0,0.17133947,0.16395454,0.0,0.23623261,0.0,0.0,0.0,0.15591379,0.0,0.0,0.15634073,0.0,0.0,0.0,0.0,0.0,0.11621885,0.0,0.0,0.0,0.0,0.0,0.0,0.0,0.0,0.0,0.0,0.0,0.0,0.0,0.0,0.0,0.0,0.0,0.0,0.0,0.0,0.0,0.0,0.0,0.0,0.0,0.0,0.0,0.0,0.0,0.0,0.0,,,,,,,,,,,,,,,,,,,,,,,,,,
0.1663088,0.0,0.0,0.0,0.0,0.0,0.0,0.17939879,0.0,0.0,0.0,0.0,0.0,0.0,0.0,0.0,0.0,0.18835422,0.0,0.0,0.0,0.0,0.0,0.17425078,0.0,0.0,0.0,0.0,0.0,0.0,0.0,0.0,0.0,0.0,0.0,0.0,0.0,0.0,0.0,0.0,0.0,0.0,0.0,0.0,0.0,0.0,0.0,0.29168746,0.0,0.0,0.0,0.0,0.0,0.0,0.0,,,,,,,,,,,,,,,,,,,,,,,,,,
0.0,0.0,0.0,0.0,0.0,0.0,0.0,0.29276448,0.0,0.0,0.0,0.35672566,0.0,0.0,0.35050994,0.0,0.0,0.0,0.0,0.0,0.0,0.0,0.0,0.0,0.0,0.0,0.0,0.0,0.0,0.0,0.0,0.0,0.0,0.0,0.0,0.0,0.0,0.0,0.0,0.0,0.0,0.0,0.0,0.0,0.0,0.0,0.0,0.0,0.0,0.0,0.0,0.0,0.0,0.0,0.0,,,,,,,,,,,,,,,,,,,,,,,,,,
0.0,0.25145906,0.0,0.0,0.0,0.0,0.0,0.27850398,0.0,0.0,0.0,0.0,0.0,0.0,0.20496084,0.0,0.0,0.0,0.2650762,0.0,0.0,0.0,0.0,0.0,0.0,0.0,0.0,0.0,0.0,0.0,0.0,0.0,0.0,0.0,0.0,0.0,0.0,0.0,0.0,0.0,0.0,0.0,0.0,0.0,0.0,0.0,0.0,0.0,0.0,0.0,0.0,0.0,0.0,0.0,0.0,,,,,,,,,,,,,,,,,,,,,,,,,,
0.0,0.0,0.0,0.0,0.0,0.0,0.0,0.0,0.0,0.20718886,0.0,0.0,0.0,0.0,0.28434116,0.0,0.0,0.24525678,0.0,0.0,0.0,0.0,0.0,0.0,0.0,0.0,0.0,0.0,0.0,0.0,0.0,0.0,0.0,0.0,0.0,0.0,0.0,0.0,0.0,0.0,0.0,0.0,0.0,0.0,0.0,0.0,0.0,0.0,0.0,0.0,0.26321322,0.0,0.0,0.0,0.0,,,,,,,,,,,,,,,,,,,,,,,,,,
0.0,0.0,0.0,0.0,0.0,0.0,0.0,0.23367722,0.0,0.0,0.0,0.0,0.0,0.0,0.0,0.0,0.0,0.27371082,0.0,0.0,0.0,0.0,0.0,0.25108653,0.0,0.0,0.0,0.0,0.0,0.0,0.0,0.0,0.0,0.0,0.0,0.0,0.0,0.0,0.0,0.0,0.0,0.0,0.0,0.0,0.0,0.0,0.0,0.0,0.0,0.24152544,0.0,0.0,0.0,0.0,0.0,,,,,,,,,,,,,,,,,,,,,,,,,,
0.0,0.0,0.09798332,0.0,0.0,0.0,0.0,0.0,0.078480616,0.0396366,0.0,0.0,0.06381448,0.0,0.054421496,0.066872075,0.0,0.040931027,0.04295466,0.0,0.0,0.0,0.0,0.0852095,0.0,0.0,0.0,0.0,0.0,0.074064545,0.0,0.0,0.0,0.07991647,0.0,0.0,0.0,0.0,0.0,0.0,0.0,0.0,0.0,0.14031196,0.0,0.09343891,0.0,0.0,0.0,0.0,0.04196436,0.0,0.0,0.0,0.0,,,,,,,,,,,,,,,,,,,,,,,,,,
0.0,0.0,0.08363661,0.0,0.0,0.0,0.0,0.08482404,0.0,0.14573929,0.0,0.0,0.0,0.0,0.14825419,0.0,0.0,0.0,0.0,0.0,0.0,0.0,0.0,0.0,0.0,0.0,0.0,0.0,0.0,0.0,0.0,0.0,0.0,0.0,0.0,0.0,0.0,0.12922023,0.0,0.0,0.0,0.0,0.08110803,0.0,0.0,0.06387847,0.08236726,0.0,0.0,0.0,0.060530122,0.0,0.12044172,0.0,0.0,,,,,,,,,,,,,,,,,,,,,,,,,,
0.0,0.0,0.09898694,0.0,0.0,0.0,0.0,0.12867077,0.0,0.09088208,0.0,0.0,0.0,0.0,0.09972612,0.14590658,0.1718766,0.0,0.09392263,0.0,0.0,0.0,0.0,0.08829643,0.0,0.0,0.0,0.0,0.0,0.0,0.0,0.0,0.0,0.0,0.0,0.0,0.0,0.0,0.0,0.0,0.0,0.0,0.0,0.0,0.0,0.08173187,0.0,0.0,0.0,0.0,0.0,0.0,0.0,0.0,0.0,,,,,,,,,,,,,,,,,,,,,,,,,,
0.0,0.0,0.0,0.0,0.0,0.0,0.0,0.12232346,0.0,0.0,0.0,0.1246501,0.11001516,0.0,0.08639421,0.0,0.0,0.11817869,0.0,0.0,0.0,0.0,0.0,0.09013998,0.0,0.0,0.0,0.0,0.1505547,0.0,0.0,0.0,0.0,0.0,0.0,0.0,0.0,0.0,0.0,0.0,0.0,0.0,0.0,0.114456266,0.0,0.0,0.0,0.0,0.0,0.0,0.08328743,0.0,0.0,0.0,0.0,,,,,,,,,,,,,,,,,,,,,,,,,,
0.0,0.0,0.0,0.0,0.0,,0.0,0.034937125,0.0,0.043307252,0.0,0.040238436,0.03779384,0.0,0.077517085,,0.0,0.06451478,,0.0,,0.0,,0.048017927,0.0,0.06103999,0.0,0.0,0.0,0.0,,,0.0,0.0,0.0,0.0,0.0,0.0,0.0329318,0.0,0.021161012,0.0,0.026712328,0.09641768,0.0,,0.0,0.0,0.07877325,0.050451685,0.07187726,0.0,0.060511578,0.0,0.0,0.0,0.0,0.0,0.0,0.0,0.0,0.0,0.0,0.0,0.0,0.0,0.0,0.07994686,0.0,0.0,0.0,0.0,0.0,0.0,0.0,0.0,0.073850125,,,,
0.019400293,0.0,0.07499217,0.0,0.0,,0.030901445,0.020947255,0.026324665,0.013150279,0.02149383,0.026024729,0.020027675,0.0,0.024699248,,0.027810054,0.02024924,,0.0,,0.0,,0.016351763,0.0,0.025195094,0.0,0.0,0.056485802,0.0,,,0.020399546,0.0,0.017365353,0.013714182,0.0,0.0319431,0.023614135,0.0,0.021527685,0.0,0.069949694,0.0,0.0,,0.017994061,0.0,0.02388614,0.053040266,0.0201124,0.0,0.01566126,0.0,0.06381831,0.0,0.0,0.027845962,0.0,0.0,0.0,0.028769584,0.0,0.0,0.0,0.059678443,0.028492624,0.0,0.0,0.017643245,0.0,0.0,0.0,0.0,0.020490523,0.0,0.0,,,,
0.030415658,0.0,0.10740044,0.0,0.0,,0.0,0.0670661,0.036895767,0.039293062,0.028282212,0.052887548,0.0,0.0,0.052899245,,0.0,0.027198598,,0.0,,0.0,,0.042334445,0.0,0.0,0.046872836,0.0,0.0880891,0.0,,,0.040497035,0.0,0.032533064,0.022170305,0.0,0.0,0.05147605,0.0,0.040598415,0.0,0.0,0.03605416,0.0,,0.0,0.0,0.0,0.0,0.054438338,0.0,0.025565047,0.0,0.0,0.0,0.0,0.0,0.0,0.0,0.0,0.0,0.0,0.0,0.0,0.0,0.04778735,0.0,0.0,0.0,0.0,0.0,0.0,0.0,0.02924519,0.0,0.0,,,,
0.0,0.0,0.08421385,0.0,0.0,,0.0,0.028678633,0.0,0.033530522,0.036974356,0.028239405,0.025256012,0.0,0.044183575,,0.0,0.059021175,,0.0,,0.0,,0.027987216,0.0,0.0,0.055848695,0.0,0.0,0.0,,,0.022539921,0.0,0.02629788,0.028696602,0.0,0.0,0.02802483,0.0,0.028330263,0.0,0.028361209,0.03769164,0.0,,0.04343614,0.0,0.033999607,0.047847155,0.027167365,0.0,0.026500504,0.034752674,0.0,0.06620393,0.0,0.0,0.0,0.0,0.0,0.0,0.0,0.0,0.0,0.0,0.05900205,0.0,0.0,0.0,0.0,0.0,0.0,0.0,0.03721474,0.0,0.0,,,,
0.0,0.0,0.092132136,0.0,0.0,,0.0,0.03214059,0.0,0.027207242,0.041634776,0.01746164,0.023542376,0.0,0.03408166,,0.0,0.0,,0.0,,0.0,,0.054148544,0.0334921,0.036181636,0.016337644,0.0,0.05605655,0.0,,,0.022999695,0.0,0.0,0.0,0.0,0.0,0.027855996,0.032550883,0.034636624,0.0,0.025702136,0.06401053,0.0,,0.0,0.0,0.0,0.051559627,0.065741636,0.0,0.023075176,0.03608034,0.0,0.0,0.0,0.0,0.0,0.0,0.0,0.0,0.0,0.0,0.0,0.04011714,0.036139116,0.0,0.040253147,0.0,0.0,0.0,0.0,0.0,0.034860987,0.0,0.0,,,,
0.0,0.0,0.06383814,0.0,0.0,,0.0,0.024986662,0.0,0.0189213,0.018754255,0.014520194,0.012672883,0.0,0.0,,0.0,0.015867714,,0.024327107,,0.0,,0.06519005,0.01813295,0.025716461,0.04012857,0.0,0.04819346,0.0,,,0.0,0.048957933,0.020912554,0.0,0.0,0.02456941,0.06619928,0.0,0.011916506,0.0,0.040746793,0.022957433,0.0,,0.0,0.0,0.020804964,0.060374845,0.05118797,0.0,0.03620327,0.017487992,0.029547473,0.048486482,0.030083846,0.0,0.0,0.0,0.0,0.024924755,0.0,0.0,0.0,0.0,0.013222998,0.0,0.0,0.0,0.0,0.0,0.0,0.0,0.018526014,0.0,0.021639796,,,,
0.0,0.0,0.03099361,0.0,0.0,,0.0,0.018182816,0.015940107,0.048807602,0.019780762,0.030040806,0.017833306,0.0,0.05040275,,0.014527661,0.027224489,,0.0,,0.033683516,,0.013867824,0.0,0.023059465,0.05996818,0.014663495,0.0,0.0,,,0.014394839,0.0,0.0,0.0,0.0,0.012096993,0.018083964,0.0,0.016913112,0.0,0.016977528,0.025716975,0.0,,0.01894993,0.0,0.02869817,0.045217663,0.01379522,0.0,0.03808158,0.033737805,0.0,0.0,0.0,0.0,0.03296287,0.026460208,0.016933586,0.013259358,0.0,0.017173942,0.0,0.0,0.059442386,0.0,0.022312013,0.013849522,0.0,0.024717098,0.026503317,0.0,0.017795993,0.0,0.026949506,,,,
0.0,0.0,0.08726343,0.0,0.0,,0.0,0.027702047,0.0,0.021977004,0.020894658,0.050056066,0.017782142,0.0,0.020692749,,0.0,0.01839515,,0.0,,0.0,,0.043647513,0.0,0.0,0.020332575,0.0,0.03832948,0.0,,,0.017513698,0.0,0.02292835,0.0,0.0,0.027044708,0.023778608,0.022757897,0.016378416,0.0,0.019079717,0.065208405,0.0,,0.0,0.03071766,0.02322027,0.052051555,0.051483337,0.0,0.027514542,0.023146346,0.048519388,0.0,0.0,0.0,0.0,0.0,0.0,0.023075975,0.027749704,0.0,0.0,0.041194573,0.02305945,0.0,0.0,0.0,0.0,0.0,0.0,0.0,0.021010159,0.0,0.025494395,,,,
0.0,0.0,0.07795358,0.0,0.0,,0.0,0.03329968,0.0,0.0,0.027344227,0.05667847,0.026945388,0.0,0.0,,0.0,0.0,,0.0,,0.026550464,,0.029730061,0.035441875,0.0,0.020242492,0.0,0.061721202,0.0,,,0.020810872,0.061025858,0.0,0.0,0.0,0.03301556,0.03335473,0.028811892,0.0,0.0,0.027278706,0.0,0.0,,0.0,0.0,0.036767296,0.054935098,0.028194157,0.0,0.03318343,0.025662072,0.069288366,0.0,0.0,0.0,0.0,0.0,0.0,0.035472613,0.0,0.0,0.0,0.054053206,0.027026735,0.0,0.0,0.0,0.0,0.0,0.0,0.0,0.03521198,0.0,0.0,,,,
0.0,0.0,0.036772024,0.0,0.0,,0.0,0.022080602,0.0,0.027688395,0.025956541,0.064275846,0.023455111,0.0,0.0,,0.0,0.02405352,,0.03429078,,0.0,,0.021616697,0.0,0.026543025,0.04291719,0.018993054,0.061529864,0.0,,,0.021314785,0.0,0.0,0.0,0.0,0.0,0.021483574,0.0,0.028164,0.0,0.0,0.0,0.0,,0.021075357,0.0,0.0,0.05265894,0.017171588,0.0,0.02142562,0.03456071,0.08439252,0.0,0.0,0.028657133,0.025851246,0.026197815,0.0,0.0,0.019572698,0.018976705,0.0,0.0,0.037066262,0.01636467,0.0,0.0,0.0,0.0,0.028184647,0.0,0.031583883,0.035125215,0.0,,,,
0.0,0.0,0.066770114,0.0,0.0,,0.0,0.02886117,0.0,0.043596078,0.034058582,0.030856417,0.027049359,0.0,0.0,,0.0,0.023090856,,0.04705311,,0.0,,0.021987297,0.0,0.04879805,0.0,0.0,0.048194945,0.0,,,0.0,0.0,0.0,0.037968073,0.0,0.0,0.020727603,0.0,0.01926996,0.0,0.0,0.08237148,0.0,,0.030459385,0.0,0.037434988,0.057031926,0.0,0.0,0.0,0.0,0.09401073,0.0,0.0,0.0,0.031918675,0.0,0.0,0.0,0.0,0.0,0.0,0.05287033,0.05755043,0.024875496,0.0,0.0,0.0,0.0,0.0,0.0,0.03319506,0.0,0.0,,,,
0.0,0.0,0.034561794,0.0,0.0,,0.0,0.021868471,0.019041695,0.028222518,0.017650394,0.02398,0.019759059,0.0,0.03316908,,0.021745,0.01964985,,0.026727881,,0.024754217,,0.019069748,0.0,0.0,0.0,0.012480103,0.0,0.0,,,0.018102504,0.0,0.028501451,0.0,0.0,0.0,0.021832976,0.0,0.017161557,0.0,0.02775715,0.083782874,0.0,,0.018296028,0.0,0.0,0.062199574,0.016703246,0.0,0.017892156,0.023844225,0.08751238,0.0,0.032230865,0.0,0.016309053,0.021806527,0.0,0.020551724,0.0,0.0,0.0,0.0,0.03760305,0.0,0.0,0.0,0.052959405,0.026985174,0.02229228,0.0,0.0,0.0,0.022996012,,,,
0.0,0.0,0.11785448,0.0,0.0,,0.0,0.029443467,0.0,0.02474816,0.0,0.06885103,0.027541678,0.0,0.0,,0.0,0.040421505,,0.0,,0.0,,0.041768815,0.04440483,0.047259763,0.0,0.0,0.06593274,0.0,,,0.044061523,0.0,0.03522829,0.0,0.0,0.0,0.029357802,0.03161753,0.039006237,0.0,0.026840672,0.078572735,0.0,,0.0,0.0,0.0,0.05702008,0.03112903,0.0,0.0,0.046719756,0.0,0.0,0.0,0.0,0.028042877,0.0,0.0,0.0,0.0,0.0,0.0,0.0,0.04417703,0.0,0.0,0.0,0.0,0.0,0.0,0.0,0.0,0.0,0.0,,,,
0.0,0.0,0.0462473,0.0,0.0,,0.0,0.027492138,0.0,0.048337203,0.0,0.02293871,0.020130448,0.0,0.0,,0.0,0.0,,0.03035334,,0.0,,0.023893235,0.0,0.0,0.0,0.0,0.04805386,0.0,,,0.031496048,0.0696906,0.032641385,0.0,0.0,0.027305815,0.02359664,0.0,0.0,0.0,0.022038825,0.0,0.0,,0.030695071,0.0,0.029182728,0.060881454,0.01839245,0.0,0.037426207,0.025900751,0.09961689,0.048378076,0.0,0.023574376,0.034508634,0.0,0.0,0.0,0.0,0.02747479,0.0,0.0,0.030077837,0.0,0.0,0.0,0.059675142,0.0,0.0,0.0,0.0,0.0,0.0,,,,
0.0,0.0,0.05248233,0.0,0.0,,0.053652074,0.02036637,0.023730231,0.0,0.03502473,0.019997464,0.02210424,0.0,0.030067615,,0.0,0.05663906,,0.0,,0.0,,0.020986937,0.0,0.03212157,0.0,0.0,0.0,0.028063027,,,0.019475937,0.0,0.04807086,0.0,0.0,0.039053857,0.028666893,0.030306369,0.014673334,0.0,0.0247239,0.075719036,0.0,,0.02779993,0.03271433,0.0,0.04879446,0.02083535,0.0,0.0,0.0,0.0,0.0,0.0,0.0,0.0,0.037264097,0.0,0.034634985,0.0,0.036883317,0.0,0.0,0.053883895,0.0,0.031263847,0.0,0.0,0.0,0.0,0.0,0.0,0.0,0.0,,,,
0.0,0.0,0.026463857,0.0,0.0,,0.0,0.022534356,0.0,0.04315743,0.020871652,0.027763281,0.016293619,0.0,0.04884618,,0.0,0.018226152,,0.0,,0.0,,0.013339709,0.0,0.0277046,0.050857447,0.0,0.057213314,0.0,,,0.022308031,0.0,0.0,0.0,0.0,0.02714581,0.014201231,0.040248822,0.03639279,0.0,0.022692658,0.087220065,0.0,,0.022687783,0.0,0.031540927,0.04670398,0.018345071,0.0,0.017774647,0.0,0.0,0.0,0.0,0.0,0.0,0.030534837,0.0,0.01711355,0.0,0.025444174,0.0,0.05229841,0.0,0.0,0.031580128,0.0,0.0,0.029505674,0.0,0.0,0.021756914,0.031232929,0.0,,,,
0.0,0.0,0.0868142,0.0,0.0,,0.0,0.024985703,0.0,0.041203227,0.03775328,0.049969055,0.041881856,0.0,0.07079638,,0.0,0.0,,0.0,,0.0,,0.037789322,0.0,0.02719815,0.052743625,0.0,0.0,0.0,,,0.022006491,0.0,0.025219547,0.0,0.0,0.0,0.023089122,0.0,0.045430522,0.0,0.039813556,0.0,0.0,,0.03551928,0.0,0.0,0.041857477,0.0,0.0,0.032027602,0.0,0.0761409,0.0,0.0,0.0,0.0,0.0,0.0,0.043311797,0.0,0.0,0.0,0.0,0.03399096,0.034939315,0.044179063,0.0,0.0,0.0,0.0,0.0,0.031339504,0.0,0.0,,,,
0.0,0.0,0.08181763,0.0,0.0,,0.0,0.022683507,0.0,0.043080147,0.038230672,0.01609979,0.017067334,0.0,0.024276337,,0.0,0.0,,0.033763222,,0.0,,0.018977037,0.029495852,0.029069861,0.030524382,0.0,0.09029032,0.0,,,0.025337901,0.0782064,0.027582593,0.0,0.0,0.045793526,0.017167496,0.0,0.019317253,0.0,0.018160576,0.0,0.0,,0.0,0.0,0.036590375,0.05121315,0.0,0.0,0.02198638,0.0,0.054787926,0.0,0.0,0.0,0.0,0.0,0.0,0.035322487,0.0,0.0,0.0,0.0,0.038768705,0.0,0.029154668,0.0,0.0,0.0,0.0,0.0,0.025234548,0.0,0.0,,,,
0.0,0.0,0.0715026,0.0,0.0,,0.0,0.023607314,0.0,0.015477947,0.029959578,0.049829587,0.037085816,0.0,0.036209572,,0.0,0.015515197,,0.0,,0.0,,0.052970245,0.0,0.031570844,0.017364047,0.0,0.0,0.0,,,0.016108884,0.04774231,0.020643124,0.013496905,0.0,0.0,0.025281373,0.028926974,0.012577656,0.0,0.030785378,0.034570996,0.0,,0.0,0.0,0.031560995,0.055495623,0.046389047,0.0,0.023552045,0.03232046,0.050701503,0.0,0.0,0.0,0.0,0.029873304,0.0,0.0,0.018710786,0.0,0.0,0.041066043,0.0,0.0,0.0,0.0,0.0,0.0,0.0,0.0,0.03233217,0.0,0.02677174,,,,
0.0,0.0,0.10405844,0.0,0.0,,0.0,0.027727185,0.0,0.022895196,0.026375672,0.02895848,0.018284494,0.0,0.024074694,,0.0,0.05176664,,0.0,,0.0,,0.020741373,0.0,0.030767675,0.023081157,0.0,0.045209136,0.0,,,0.018031793,0.06908116,0.0,0.0,0.0,0.0,0.020104395,0.0,0.0,0.0,0.0178568,0.06545981,0.0,,0.0,0.030895762,0.031944174,0.058593426,0.019509986,0.0,0.02359461,0.0,0.078975946,0.0,0.0,0.0,0.03829262,0.0,0.0,0.0,0.0,0.0,0.0,0.0,0.026199386,0.0,0.04432954,0.0,0.0,0.0,0.0,0.0,0.0,0.0,0.03319049,,,,
0.0,0.0,0.08517217,0.0,0.0,,0.0,0.021048153,0.0,0.030541733,0.023519386,0.018390035,0.029154522,0.0,0.017783714,,0.0,0.04450984,,0.02209447,,0.0,,0.015911499,0.0,0.022703081,0.016202211,0.0,0.027690103,0.0,,,0.0,0.052801773,0.020586217,0.019595305,0.024047168,0.025737198,0.016372956,0.0,0.018035902,0.0,0.013539087,0.06634198,0.0,,0.0,0.0,0.023579152,0.048914533,0.05979311,0.0,0.0,0.0,0.021645656,0.0,0.037994366,0.020806149,0.0,0.0,0.0,0.02119621,0.0,0.0,0.0,0.019076789,0.011581139,0.012073147,0.019427918,0.0,0.04765485,0.0,0.0,0.0,0.0,0.0,0.02447848,,,,
0.0,0.0,0.087769926,0.0,0.0,,0.0,0.026860673,0.0,0.050100107,0.0,0.021102965,0.02775911,0.0,0.0,,0.0,0.0,,0.05789196,,0.0,,0.022490181,0.0,0.06083376,0.05955323,0.0,0.09244655,0.0,,,0.025287567,0.0,0.0,0.0,0.0,0.0,0.020554805,0.0,0.02318818,0.0,0.02475608,0.0,0.0,,0.0,0.0,0.0,0.051730845,0.029962238,0.0,0.0,0.06489253,0.0863618,0.0,0.0,0.0,0.0,0.0,0.0,0.063805,0.0,0.0,0.0,0.0,0.0,0.0,0.05889143,0.0,0.0,0.0,0.0,0.0,0.043761134,0.0,0.0,,,,
0.0,0.0,0.051338725,0.0,0.0,,0.0,0.020862192,0.0,0.025431957,0.016559897,0.033321373,0.017773222,0.027692005,0.023937844,,0.0,0.014226763,,0.049410224,,0.03736977,,0.023328163,0.0,0.026610931,0.030618796,0.0,0.050876338,0.0,,,0.02436489,0.08833548,0.0,0.0,0.0,0.020689635,0.016085122,0.0,0.0,0.0,0.021622745,0.08734077,0.0,,0.018856,0.0,0.0,0.053575873,0.017376639,0.0,0.020890161,0.0,0.061169676,0.0,0.0,0.0,0.0,0.0,0.0,0.0,0.0,0.0,0.0,0.0,0.0,0.0,0.03387473,0.0,0.0,0.0,0.03686768,0.0,0.020824986,0.0,0.02876745,,,,
0.0,0.0,0.03574385,0.0,0.0,,0.0,0.02094246,0.0,0.015379518,0.025058221,0.033155367,0.017712923,0.0,0.04318541,,0.039688453,0.03348588,,0.0,,0.0,,0.013240611,0.038952205,0.02959371,0.0,0.0,0.0,0.0,,,0.0,0.08043158,0.040411506,0.022968343,0.0,0.022794874,0.021253679,0.021023346,0.039883543,0.0,0.033735104,0.014811483,0.0,,0.021523437,0.0,0.0,0.054285653,0.020343099,0.0,0.018712375,0.0,0.0,0.07409907,0.0,0.0,0.03647961,0.034382906,0.0,0.016351702,0.02559812,0.019024955,0.0,0.0,0.0,0.0,0.0,0.0,0.0,0.03574696,0.0,0.0,0.0,0.0,0.0,,,,
0.0,0.0,0.027828265,0.0,0.0,,0.0,0.020125391,0.0,0.0272043,0.026775166,0.018614618,0.014424462,0.0,0.036269996,,0.0,0.032337207,,0.0,,0.0,,0.012763475,0.0,0.022389429,0.0,0.0,0.061273944,0.0,,,0.017865913,0.0,0.023681283,0.026098147,0.0,0.026138078,0.020722993,0.0,0.025921984,0.0,0.020961152,0.04649648,0.0,,0.01940447,0.029222734,0.03142145,0.0575962,0.064905316,0.0,0.016719047,0.0,0.06487055,0.0,0.0,0.0,0.035377648,0.02624182,0.0,0.022905607,0.0,0.019271009,0.0,0.0,0.041847844,0.014051521,0.029977456,0.0,0.0,0.0,0.0,0.0,0.018295053,0.0,0.0,,,,
0.0,0.0,0.06474633,0.0,0.0367449,,0.0,0.025407106,0.0,0.045331094,0.036026347,0.024614232,0.020284886,0.0,0.04673565,,0.0,0.03816242,,0.0,,0.0,,0.021320378,0.0,0.0,0.0,0.0,0.0,0.0,,,0.019119533,0.08376404,0.026189972,0.0,0.0,0.02174978,0.024015807,0.02704865,0.032901146,0.0,0.05215134,0.027709596,0.0,,0.028351596,0.0,0.0,0.05253267,0.02588954,0.0,0.033161003,0.0,0.0,0.0,0.0,0.0,0.025045628,0.03248164,0.0,0.021989575,0.0,0.0,0.0,0.0,0.0,0.0,0.0,0.0,0.0,0.043770246,0.0,0.0,0.028101055,0.03465381,0.0,,,,
0.0,0.0,0.0,0.0,0.0,,0.0,0.025048641,0.0,0.0,0.0,0.023093812,0.01925466,0.0,0.0,,0.0,0.056509383,,0.0427028,,0.039524954,,0.027408898,0.0,0.029840559,0.0,0.0,0.0,0.0,,,0.023874613,0.0,0.044640098,0.036166146,0.0,0.0,0.023911225,0.061434697,0.0,0.0,0.0,0.051238056,0.0,,0.02623716,0.0,0.0,0.043386627,0.028854556,0.0,0.025359888,0.041681346,0.0873495,0.0,0.04225113,0.0,0.0,0.0,0.0,0.0,0.0,0.0,0.0,0.0,0.0751304,0.0,0.036599766,0.0,0.0,0.0,0.03202853,0.0,0.027848661,0.0,0.02862382,,,,
0.029299907,0.0,0.054618955,0.015982552,0.0,,0.0,0.030940095,0.02261589,0.027142236,0.024447976,0.03279231,0.033108026,0.0,0.026990429,,0.0,0.06446618,,0.0,,0.0,,0.014758995,0.0,0.0,0.045122977,0.0,0.0,0.023978833,,,0.016634453,0.062802404,0.020682998,0.0,0.0,0.027536353,0.0250564,0.012237046,0.04475927,0.0,0.019252118,0.020196231,0.0,,0.03304726,0.0,0.0,0.03899721,0.01573481,0.0,0.020584492,0.036825992,0.0,0.0,0.0,0.0,0.0,0.0,0.0,0.019742519,0.0,0.0,0.0,0.0,0.0,0.0,0.039037798,0.035728168,0.0,0.03353561,0.0,0.0,0.0,0.031343434,0.0,,,,
0.0,0.0,0.0922189,0.0,0.0,,0.0,0.024214491,0.034212474,0.020575006,0.02287504,0.029545356,0.026702804,0.0,0.0,,0.0,0.054497764,,0.0,,0.032610178,,0.01788704,0.0,0.03402375,0.0,0.0,0.0,0.0,,,0.029565582,0.06338365,0.025364812,0.0,0.0,0.025586182,0.018091649,0.0,0.017669888,0.0,0.025043285,0.0,0.0,,0.0,0.0,0.030776538,0.058333814,0.024139676,0.0,0.04811707,0.0,0.07210959,0.0,0.0,0.0,0.0,0.0,0.0,0.0,0.0,0.0,0.0,0.0533091,0.061128695,0.027837947,0.0,0.0,0.0,0.0,0.0,0.0,0.030179761,0.0,0.0,,,,
0.0,0.0,0.05091722,0.0,0.0,,0.0,0.022510322,0.017485147,0.016018309,0.027439915,0.01472448,0.021544665,0.0,0.0,,0.0,0.0,,0.031239403,,0.0,,0.017619643,0.0,0.021483453,0.049463525,0.0,0.067020655,0.0,,,0.0,0.08434647,0.032966573,0.0,0.0,0.036486257,0.015893243,0.0,0.025502538,0.0,0.020935608,0.0,0.0,,0.0365522,0.0,0.0,0.06294644,0.01752846,0.0,0.021772854,0.0,0.06811121,0.0,0.0,0.0,0.036860693,0.03524082,0.0,0.03581879,0.0,0.02479393,0.0,0.0,0.022301937,0.0,0.0,0.0,0.0,0.0,0.0,0.0,0.04476493,0.0,0.019710274,,,,
0.0,0.0,0.09321916,0.0,0.0,,0.0,0.021316193,0.0,0.023464834,0.028187374,0.02934288,0.01373652,0.0,0.022622874,,0.0,0.018430322,,0.0,,0.0,,0.038236614,0.0,0.0285344,0.0,0.0,0.045964006,0.0,,,0.02199817,0.06368179,0.0,0.0,0.0,0.03148697,0.0169916,0.0,0.0114591,0.0,0.01350325,0.027728023,0.0,,0.029387731,0.0,0.032040924,0.06319505,0.017326165,0.0,0.021773431,0.026247228,0.06579645,0.0,0.0,0.0,0.035985675,0.0,0.0,0.0,0.0,0.0,0.0,0.041753482,0.0295779,0.0,0.0,0.0,0.0,0.0,0.030670822,0.0,0.024101399,0.0,0.03223966,,,,
0.0,0.0,0.0,0.0,0.0,,0.0,0.031958256,0.036904283,0.03824848,0.0,0.051021233,0.021047805,0.0,0.0,,0.0,0.0,,0.037954103,,0.0,,0.04065998,0.036941916,0.0,0.055666953,0.0,0.0,0.0,,,0.0,0.0,0.0,0.0,0.0,0.039629523,0.020270806,0.0,0.041009694,0.0,0.031421,0.08602507,0.0,,0.03601257,0.0,0.040714495,0.071153015,0.021576976,0.0,0.0,0.0,0.10941639,0.0,0.0,0.0,0.029765708,0.0,0.0,0.0,0.0,0.0,0.0,0.0,0.04985677,0.028964942,0.0,0.0,0.0,0.0,0.0,0.0,0.043780103,0.0,0.0,,,,
0.024075557,0.0,0.052394394,0.0,0.0,,0.0,0.020285726,0.018369269,0.034015466,0.01747034,0.051449243,0.024113014,0.0,0.018731905,,0.016426368,0.0,,0.0,,0.0,,0.016160248,0.0,0.021394579,0.022242911,0.0,0.0,0.024696833,,,0.015628835,0.07905873,0.016481575,0.0,0.0,0.030464,0.0175588,0.0,0.032866094,0.0,0.015192121,0.033295494,0.0,,0.02171978,0.024417602,0.023545068,0.045506507,0.016174411,0.0,0.02185888,0.027153907,0.0,0.0,0.0,0.0,0.028639266,0.0,0.0,0.024354765,0.0,0.0,0.0,0.045436632,0.047900554,0.0,0.0,0.0,0.0,0.0,0.0,0.0,0.020806342,0.029143874,0.020970918,,,,
0.0,0.0,0.04425568,0.0,0.0,,0.0,0.019961013,0.0,0.02446887,0.02220502,0.06508684,0.016869653,0.022239527,0.024813997,,0.02325835,0.023557732,,0.0,,0.023135092,,0.021920351,0.0,0.01379045,0.0,0.0,0.04040773,0.024596568,,,0.012839217,0.0,0.018253647,0.0,0.0,0.017599752,0.011637543,0.019727053,0.025144154,0.0,0.017173285,0.018285956,0.0,,0.01916389,0.018198641,0.021372696,0.050918266,0.01198857,0.0,0.015411099,0.0,0.07143346,0.0,0.0,0.0,0.025939742,0.020716501,0.0,0.01557224,0.0,0.0,0.0,0.04618565,0.040868703,0.013901656,0.015114348,0.0,0.0,0.0,0.0,0.0,0.018355051,0.021566525,0.022065518,,,,
0.0,0.0,0.05235719,0.0,0.0,,0.0,0.02430577,0.0,0.03716115,0.022917207,0.06370797,0.033533927,0.0,0.0,,0.0,0.028926678,,0.035018466,,0.0,,0.016761605,0.0,0.042135797,0.026645966,0.0,0.05478642,0.0,,,0.02472722,0.0,0.02289003,0.0,0.0,0.0,0.01982965,0.0,0.03232708,0.0,0.01969457,0.058453705,0.0,,0.031094858,0.0,0.043437872,0.04237615,0.01793038,0.0,0.032212995,0.033492822,0.078164235,0.0,0.0,0.0,0.0,0.0,0.0,0.0,0.0,0.0,0.0,0.0,0.0,0.0,0.0,0.026335547,0.0,0.0,0.0,0.04254214,0.03623257,0.0,0.0,,,,
0.0,0.0,0.058910362,0.034363985,0.025375197,,0.0,0.017701829,0.01741036,0.036044467,0.020311916,0.016287167,0.015854135,0.0,0.0,,0.029000133,0.034715313,,0.024950169,,0.0,,0.053672522,0.0,0.018869556,0.021996424,0.0,0.06606028,0.026415478,,,0.023813492,0.0,0.023965975,0.0,0.0,0.016909767,0.015787251,0.0,0.01384676,0.0,0.017901892,0.077695675,0.0,,0.012630295,0.0,0.023278644,0.045630995,0.020081978,0.0,0.028421832,0.0,0.0,0.0,0.0,0.0,0.0,0.017516755,0.0,0.01539515,0.0,0.0,0.0,0.0489195,0.0,0.019153357,0.0,0.0,0.0,0.0,0.02107861,0.0,0.022497451,0.0,0.017535353,,,,
0.0,0.0,0.03625895,0.0,0.0,,0.0,0.027991554,0.025602456,0.037945274,0.038636576,0.036996014,0.026138285,0.0,0.051277485,,0.0,0.0,,0.0,,0.0,,0.018708196,0.0,0.0,0.0,0.027903553,0.0,0.0,,,0.0247246,0.0,0.0,0.0,0.0,0.031963434,0.020054074,0.0,0.02684278,0.0,0.025419539,0.0,0.0,,0.04650393,0.0,0.0,0.06774688,0.026346898,0.0,0.0,0.044951804,0.09380666,0.0,0.0,0.0,0.03071726,0.0,0.0,0.03553109,0.0,0.041993175,0.0,0.0,0.087514795,0.0,0.0,0.0,0.0,0.0684248,0.0,0.0,0.0,0.0,0.0,,,,
0.0,0.0,0.036137003,0.0,0.0,,0.0,0.022070834,0.03758011,0.03175997,0.03498775,0.046343684,0.023942288,0.0,0.0,,0.0,0.0,,0.042222947,,0.0,,0.019890752,0.0,0.033667427,0.0,0.0,0.06720031,0.0,,,0.023714608,0.0,0.0,0.0,0.0,0.0,0.021692222,0.0,0.021882713,0.0,0.024863318,0.0,0.0,,0.027219051,0.0,0.0,0.06262269,0.021020606,0.0,0.0,0.03339224,0.11088061,0.054211825,0.0,0.0,0.030192064,0.0,0.0,0.038976524,0.0,0.032520037,0.0,0.0,0.0,0.0,0.04015084,0.0,0.0,0.0,0.0,0.0,0.029026883,0.0,0.03183075,,,,
0.0,0.0,0.0,0.0,0.0,,0.0,0.06635899,0.0,0.037591532,0.0,0.027476396,0.030982638,0.0,0.0,,0.0,0.028827414,,0.0,,0.0,,0.025321905,0.0,0.0,0.0,0.026680345,0.05658972,0.0,,,0.040445507,0.07519963,0.0,0.0,0.0,0.0,0.0,0.0,0.03042902,0.0,0.037529048,0.07459706,0.0,,0.042915653,0.0,0.041631985,0.06214176,0.03236009,0.0,0.0,0.0,0.07296182,0.05422168,0.0,0.0,0.0,0.0,0.0,0.0,0.0,0.0,0.0,0.0,0.0605365,0.03212802,0.0,0.0,0.0,0.0,0.0,0.0,0.043073293,0.0,0.0,,,,
0.0,0.0,0.08989141,0.0,0.0,,0.0,0.027986143,0.0,0.014049062,0.0,0.044480685,0.014954143,0.0,0.021402871,,0.0,0.030979414,,0.03618072,,0.028494393,,0.021832732,0.0,0.024844877,0.028020235,0.020189697,0.037437506,0.0,,,0.0,0.0,0.0,0.0,0.0,0.0,0.020950697,0.0,0.01673153,0.0,0.015994735,0.0720499,0.0,,0.029313942,0.0,0.031317633,0.051559623,0.019211674,0.0,0.0,0.028807668,0.028540915,0.0,0.03973321,0.0,0.0,0.0,0.0,0.0261632,0.0,0.019869395,0.0,0.042468045,0.014982629,0.022507658,0.0,0.0,0.045475733,0.0,0.0,0.0,0.0,0.0,0.033577863,,,,
0.0,0.0,0.081334524,0.0,0.0,,0.0,0.03098872,0.0,0.03856352,0.028643556,0.07001857,0.024716265,0.0,0.041912653,,0.0,0.0343948,,0.0,,0.03286591,,0.063023716,0.0,0.0,0.0186429,0.0,0.0,0.0,,,0.03530087,0.0,0.0,0.028718177,0.0,0.0,0.01883375,0.0,0.027172584,0.0,0.018188857,0.0,0.0,,0.026359415,0.0,0.0,0.05866579,0.041957706,0.0,0.031703845,0.027162388,0.069733456,0.0,0.0,0.0,0.018583182,0.0,0.0,0.0,0.0,0.0,0.0,0.050955627,0.0,0.017203454,0.06435578,0.0,0.0,0.0,0.0,0.0,0.0,0.0,0.0,,,,
0.0,0.0,0.0,0.0,0.0,,0.0,0.026234085,0.0,0.013091141,0.030597426,0.027121797,0.017971067,0.0,0.023908379,,0.0,0.025765536,,0.0,,0.0,,0.02054695,0.027024573,0.02582206,0.054210834,0.0,0.053141292,0.0,,,0.02475829,0.0,0.0,0.01550588,0.0,0.0,0.018221205,0.0,0.017001813,0.0,0.040382333,0.0,0.0,,0.0,0.0,0.033908233,0.04856033,0.04055182,0.0,0.0,0.037447833,0.08474634,0.0,0.0,0.0,0.040448096,0.0,0.0,0.03312739,0.0,0.03356589,0.0,0.057480223,0.03518814,0.0,0.040187683,0.0,0.0,0.0,0.0,0.0,0.025830997,0.0,0.027652318,,,,
0.0,0.0,0.038270634,0.0,0.0,,0.0,0.023551151,0.021755733,0.03746833,0.044959936,0.017816795,0.018469589,0.0,0.039108947,,0.0,0.087813064,,0.049584452,,0.0,,0.01948388,0.0,0.027845057,0.0,0.0,0.0,0.0,,,0.0,0.0,0.0,0.0,0.0,0.020448465,0.017922793,0.019077847,0.0,0.0,0.019077148,0.05863306,0.0,,0.030534333,0.0,0.0,0.02907832,0.01978798,0.0,0.019633224,0.0,0.06111486,0.0,0.0,0.036350697,0.020942844,0.031251896,0.0,0.021362137,0.0,0.021246498,0.0,0.07742669,0.029041734,0.0,0.0,0.0,0.0,0.0,0.0,0.0,0.0,0.0,0.040941954,,,,
0.0,0.0,0.09272023,0.0,0.0,,0.0,0.02149118,0.020694273,0.019071817,0.0,0.014688222,0.016084826,0.0,0.0,,0.0,0.025588447,,0.020445338,,0.0,,0.018943634,0.0,0.02782561,0.022655712,0.0,0.029908875,0.0,,,0.015126729,0.0,0.0,0.016094463,0.021126507,0.022580262,0.06545996,0.021735663,0.0,0.0,0.030792955,0.057153292,0.0,,0.0,0.0,0.019280713,0.055034637,0.02323212,0.0,0.026599018,0.018434096,0.015583795,0.0,0.027159551,0.017998887,0.029577374,0.0,0.0,0.0,0.020383427,0.024441415,0.0,0.036713596,0.012282833,0.0,0.0,0.0,0.0485586,0.0,0.0,0.0,0.023628151,0.0,0.020903772,,,,
0.0,0.0,0.0360531,0.0,0.0,,0.0,0.023023717,0.0,0.017232822,0.027615724,0.036613885,0.016099665,0.0,0.029551515,,0.0,0.019251669,,0.0,,0.0,,0.016852744,0.0,0.0242926,0.0,0.016188422,0.0,0.0,,,0.0150398575,0.069472276,0.0,0.0,0.0,0.017972002,0.01874976,0.0,0.023082996,0.0,0.017251356,0.08785941,0.0,,0.019158293,0.0,0.0,0.050054852,0.015651077,0.0,0.034825377,0.028821342,0.04669088,0.0,0.0,0.0,0.0,0.02540788,0.0,0.017893197,0.023580516,0.01624339,0.0,0.06239918,0.03681215,0.0,0.0,0.0,0.0,0.047675576,0.0,0.034563906,0.0,0.0,0.028018873,,,,
0.0,0.0,0.060910013,0.016209932,0.022663971,,0.0,0.021791998,0.026192313,0.018665526,0.023207648,0.029209292,0.019231284,0.0,0.021241508,,0.025559396,0.023204556,,0.0,,0.0,,0.019198187,0.0,0.022396464,0.0,0.0,0.06665301,0.016351463,,,0.0,0.0,0.0,0.0,0.0,0.02346862,0.014167225,0.016359817,0.039631084,0.020627264,0.03726711,0.017293995,0.0,,0.015250962,0.0,0.0,0.058158122,0.018015604,0.0,0.013965795,0.026208883,0.06771104,0.0,0.0,0.0,0.0,0.018631348,0.022754498,0.018216575,0.0,0.019550642,0.0,0.0,0.04074178,0.0,0.0,0.0,0.0,0.030704582,0.0,0.0,0.025720328,0.022868149,0.0,,,,
0.0,0.0,0.0,0.0,0.0,,0.0,0.02575421,0.0,0.02424596,0.0,0.0,0.024338074,0.0,0.03411233,,0.0,0.06413614,,0.02594155,,0.018332819,,0.052033786,0.0,0.02415541,0.032072604,0.0,0.038128596,0.0,,,0.026391672,0.0,0.022419874,0.016297763,0.0,0.0,0.07097039,0.0,0.032847006,0.0,0.06269898,0.034496266,0.0,,0.0,0.0,0.022281794,0.017913174,0.0,0.0,0.028124794,0.023708422,0.028364953,0.033008065,0.039099935,0.019439906,0.0,0.0,0.0,0.0,0.0,0.0,0.0,0.051453367,0.02410983,0.0,0.025123065,0.0,0.030960225,0.0,0.0,0.0,0.0,0.0,0.027039029,,,,
0.024257373,0.0,0.07478635,0.0,0.0,,0.0,0.017246239,0.024617227,0.03914782,0.022794586,0.050725427,0.014527919,0.025708683,0.04378537,,0.0,0.026638137,,0.0,,0.0,,0.014927865,0.028908793,0.02292723,0.0,0.0,0.0,0.04327308,,,0.016613623,0.082669824,0.021618063,0.020330423,0.0,0.0260992,0.013994061,0.01779731,0.015704446,0.0,0.047487784,0.026465766,0.0,,0.018440949,0.0,0.0,0.043644685,0.017184956,0.015661431,0.019125504,0.0,0.0,0.0,0.0,0.0,0.026308827,0.0,0.0,0.028624773,0.0,0.020022681,0.0,0.0,0.0,0.0,0.023508819,0.0,0.0,0.0,0.0,0.0,0.024424778,0.0,0.0,,,,
0.0,0.0,0.08712753,0.0,0.0,,0.0,0.019527083,0.023860782,0.028604662,0.016327515,0.012213645,0.01692358,0.0,0.024540605,,0.0,0.027099684,,0.021814918,,0.0,,0.019362971,0.0,0.021159882,0.014644974,0.0,0.041214846,0.0,,,0.02754249,0.054550584,0.018452393,0.019621972,0.0,0.0,0.014243444,0.0,0.012548634,0.0,0.0130011635,0.0580158,0.0,,0.022521237,0.0,0.023585819,0.051254377,0.05176883,0.0,0.030997956,0.0,0.0627492,0.0,0.0,0.0,0.0,0.0,0.0,0.015902082,0.0146629885,0.0,0.0,0.030641867,0.026772633,0.015272352,0.02131186,0.022145487,0.0,0.0,0.0,0.0,0.018014137,0.0,0.0,,,,
0.0,0.0,0.032913502,0.0,0.0,,0.0,0.020998482,0.034820113,0.020698495,0.021735186,0.0128529575,0.01391225,0.0,0.018168004,,0.03542363,0.018144555,,0.0,,0.0,,0.016091196,0.0,0.02021042,0.0,0.0,0.070307985,0.0,,,0.023431284,0.0,0.0,0.022813104,0.0,0.024687074,0.015117639,0.0,0.053939115,0.0,0.031596366,0.07886858,0.0,,0.025163943,0.0,0.0277803,0.04497554,0.01770024,0.0,0.0,0.024626726,0.05338936,0.0,0.030029535,0.0,0.0,0.0,0.0,0.021214122,0.01724704,0.025990333,0.0,0.0,0.014760005,0.017762607,0.02933299,0.0,0.0,0.0,0.024306988,0.0,0.021211172,0.0,0.017779237,,,,
0.0,0.0,0.08333988,0.0,0.0,,0.0,0.015729025,0.0,0.011200263,0.02155444,0.012854696,0.012133243,0.0,0.025959652,,0.02192114,0.024949571,,0.021243406,,0.016103402,,0.023848927,0.016641844,0.01645637,0.011400868,0.0,0.027131835,0.024452386,,,0.0,0.05948479,0.0,0.012736806,0.019673578,0.0,0.010786343,0.0,0.009916547,0.0,0.034065474,0.065978006,0.019798977,,0.016508762,0.0,0.02002512,0.051799178,0.054222003,0.0,0.021187566,0.0,0.029018475,0.0,0.0,0.0,0.0,0.0,0.0,0.01898558,0.0,0.020361956,0.0,0.045655854,0.037011255,0.012551003,0.020962002,0.0,0.0,0.0,0.0,0.0,0.013262953,0.0,0.01908685,,,,
0.0,0.0,0.025651677,0.0,0.0,,0.0,0.015598135,0.015268724,0.017545551,0.023073202,0.019378148,0.011560889,0.0,0.020055203,,0.014039051,0.01670487,,0.03609265,,0.0,,0.013499042,0.0,0.017775737,0.039729252,0.01368074,0.0521178,0.0,,,0.015945576,0.07021583,0.0,0.023458412,0.0,0.01988805,0.013232368,0.0,0.012883347,0.0,0.011973065,0.0,0.0,,0.016176958,0.0,0.034057967,0.05160128,0.013777069,0.0,0.0,0.028392417,0.0637947,0.0,0.027689261,0.0,0.04205401,0.0,0.0,0.01550794,0.015677575,0.0149111925,0.0,0.038874853,0.029215222,0.013044318,0.020466745,0.0,0.0,0.0,0.022482032,0.0,0.0160362,0.0,0.016872922,,,,
0.0,0.0,0.03289421,0.0,0.0,,0.0,0.02065092,0.022142077,0.018385055,0.036910005,0.025907269,0.02033279,0.0,0.061470296,,0.018895855,0.0341236,,0.0,,0.0,,0.02006847,0.0,0.042872082,0.0,0.024448397,0.0,0.0,,,0.0,0.05965105,0.0,0.0,0.0,0.025882693,0.025874265,0.0,0.016378941,0.0,0.018910665,0.0,0.0,,0.022068383,0.0,0.0,0.061247554,0.02709044,0.0,0.0,0.055805642,0.084233634,0.0,0.0,0.0,0.04034395,0.0,0.0,0.028158708,0.0,0.025441565,0.0,0.0,0.058474366,0.0,0.0,0.0,0.0,0.0,0.039182026,0.0,0.03215506,0.0,0.0,,,,
0.0,0.0,0.04433167,0.0,0.0,,0.0,0.019201456,0.016574346,0.019114677,0.018299669,0.03970794,0.011966355,0.0,0.012060107,,0.0,0.01573559,,0.0,,0.0,,0.013801633,0.0,0.021832734,0.045383684,0.010816297,0.046888016,0.0,,,0.013974796,0.07908007,0.01939777,0.018790685,0.0,0.017278984,0.015769875,0.0,0.017374156,0.0,0.03194812,0.017723821,0.0,,0.017130094,0.016202679,0.02213003,0.052960638,0.011762249,0.01851136,0.018425254,0.020988239,0.023442531,0.0,0.023080107,0.019878658,0.0,0.0,0.0,0.01583382,0.0,0.0,0.0,0.04796385,0.014052263,0.0,0.0,0.0,0.058134526,0.032378543,0.0,0.0,0.0,0.0,0.020072747,,,,
0.0,0.0,0.031035818,0.0,0.0,,0.0,0.02575992,0.0,0.011417832,0.0,0.023118883,0.014984365,0.0,0.0,,0.0,0.02985499,,0.026334066,,0.0,,0.02630132,0.018342353,0.021454157,0.040738832,0.0,0.044291835,0.0,,,0.018679226,0.07199057,0.0,0.023464095,0.0,0.030835262,0.015685255,0.0,0.016008498,0.0,0.013096386,0.07830506,0.0,,0.0,0.0,0.030372739,0.05911128,0.066355206,0.0,0.0,0.0,0.032078613,0.0,0.0,0.0,0.0,0.025133537,0.0,0.0,0.024480926,0.02864235,0.0,0.0,0.034905285,0.0,0.027829075,0.0,0.047621705,0.0,0.0,0.0,0.022278847,0.0,0.019491727,,,,
0.020601327,0.0,0.033634514,0.021434063,0.028311303,,0.0,0.019343631,0.0137474155,0.009993096,0.020985339,0.03359358,0.017838456,0.0,0.03006305,,0.030736057,0.026326198,,0.0,,0.0,,0.014535927,0.0,0.023006313,0.0,0.0,0.06665071,0.014401697,,,0.012691623,0.0,0.0,0.0,0.0,0.013508608,0.01210067,0.014133172,0.016678745,0.026070194,0.017916327,0.021641074,0.0,,0.016451156,0.0,0.0,0.05087552,0.016610349,0.0,0.013167276,0.02981771,0.073754035,0.0,0.0,0.0,0.0328821,0.02019049,0.02471991,0.01443859,0.0,0.016330253,0.0,0.0,0.039591786,0.0,0.0,0.0,0.0,0.04295099,0.0,0.0,0.021645889,0.026630893,0.0,,,,
0.0,0.0,0.03777796,0.0,0.0,,0.0,0.028113265,0.0,0.022688568,0.03235911,0.043989323,0.018069752,0.0,0.037225973,,0.0,0.022778692,,0.0,,0.0,,0.016060965,0.0,0.033721022,0.0,0.019458514,0.0,0.0,,,0.019475603,0.07613565,0.0,0.0,0.0,0.016726002,0.017452704,0.0,0.0,0.0,0.01832803,0.07332528,0.0,,0.023737075,0.0,0.0,0.053138185,0.016984308,0.0,0.058209524,0.04375861,0.07123798,0.0,0.0,0.0,0.0,0.0,0.0,0.02377339,0.031836454,0.021212691,0.0,0.0,0.0,0.0,0.0,0.0,0.0,0.06938901,0.0,0.053036384,0.0,0.0,0.0,,,,
0.0,0.0,0.07072354,0.025437364,0.0,,0.0,0.05169532,0.023871701,0.016270617,0.022220261,0.05985645,0.025197538,0.0,0.019838987,,0.02478672,0.023890223,,0.0,,0.0,,0.04717685,0.0,0.0,0.0,0.0,0.044512,0.0,,,0.015833419,0.0,0.0,0.0,0.0,0.024307791,0.039627172,0.020284157,0.015400591,0.0,0.030059194,0.019605063,0.0,,0.02368078,0.0,0.0,0.05999415,0.04031617,0.0,0.0,0.019524613,0.057717863,0.0,0.0,0.0,0.0,0.0,0.0,0.02350047,0.0,0.024729764,0.0,0.035224937,0.028871968,0.0,0.03855553,0.0,0.0,0.0,0.0,0.0,0.02728881,0.0,0.0,,,,
0.0,0.0,0.106243394,0.0,0.0,,0.0,0.025151584,0.027594892,0.024926092,0.024663566,0.026381327,0.029722841,0.0,0.041652128,,0.0,0.0,,0.0,,0.0,,0.07025878,0.0,0.0,0.0,0.0,0.06470736,0.0328668,,,0.0,0.0,0.0,0.017649584,0.0,0.03718244,0.041350212,0.020472478,0.017663132,0.0,0.03825092,0.04471738,0.0,,0.0,0.0,0.0,0.057842735,0.05054618,0.0,0.02556845,0.02993228,0.0,0.0,0.0,0.0,0.0,0.0,0.0,0.0,0.0,0.0,0.0,0.055321313,0.0423203,0.0,0.0,0.0,0.0,0.0,0.0,0.0,0.0,0.0470139,0.0,,,,
0.0,0.01893038,0.030041592,0.0,0.0,,0.0,0.020034624,0.019765703,0.024155697,0.020843532,0.012722184,0.033999085,0.0,0.03603202,,0.0,0.056823142,,0.03392226,,0.0322681,,0.019690137,0.0,0.027355708,0.0,0.0,0.0,0.0,,,0.02074372,0.0,0.02842601,0.0,0.0,0.017905345,0.023424791,0.0,0.03966874,0.0,0.01796354,0.07515253,0.0,,0.021764826,0.0,0.030131808,0.053411473,0.018517338,0.0,0.021869991,0.038177717,0.091588914,0.0,0.0,0.0,0.0,0.030376423,0.0,0.017610474,0.0,0.0,0.0,0.0,0.038429886,0.0,0.028252438,0.0,0.0,0.0,0.0,0.0,0.0,0.0,0.0,,,,
0.0,0.0,0.033205613,0.0,0.0,,0.0,0.023487806,0.017273761,0.043952968,0.018617202,0.019485204,0.016542584,0.0,0.036136556,,0.0,0.069613576,,0.0,,0.0,,0.015925921,0.0,0.027667258,0.06441431,0.0,0.06152708,0.0,,,0.0,0.0,0.03479428,0.016934266,0.0,0.02643005,0.011335861,0.0201296,0.0,0.0,0.017836565,0.03238052,0.0,,0.0,0.0,0.034539282,0.043800525,0.016452985,0.0,0.045233134,0.0,0.07828663,0.0,0.0,0.0,0.0,0.029851988,0.0,0.015649416,0.0,0.022964237,0.0,0.052959893,0.0,0.019039745,0.03353119,0.0,0.0,0.0,0.0,0.0,0.0,0.0,0.0,,,,
0.0,0.0,0.052511733,0.0,0.0,,0.0,0.025440905,0.0,0.02262049,0.0,0.020803494,0.0193149,0.0,0.038036168,,0.0,0.024687245,,0.0506149,,0.0,,0.01902713,0.034598384,0.03547623,0.0,0.020954639,0.07999949,0.0,,,0.031524286,0.0,0.035125192,0.0,0.0,0.030765556,0.02036776,0.0,0.025796134,0.0,0.03941669,0.0,0.0,,0.031724233,0.0,0.051408928,0.047183357,0.019839387,0.028372515,0.0,0.0,0.077076145,0.0,0.0,0.0,0.0,0.0,0.0,0.0,0.0,0.0,0.0,0.0,0.05566861,0.0,0.0,0.0,0.0,0.0,0.0,0.0,0.02740975,0.0,0.03423573,,,,
0.0,0.0,0.06061927,0.01606698,0.0,,0.0,0.01981921,0.0,0.045403313,0.03808821,0.062848076,0.03310423,0.0,0.04580955,,0.043117728,0.03652478,,0.0,,0.0,,0.026412718,0.0,0.037780415,0.02240295,0.0,0.08038773,0.0,,,0.017231952,0.0,0.046087798,0.0,0.0,0.029878132,0.018932687,0.021397622,0.023831103,0.0,0.020080501,0.020245934,0.0,,0.02808794,0.0,0.0,0.04134768,0.022176044,0.0,0.0,0.0,0.0,0.0,0.0,0.0,0.0,0.045903616,0.0,0.029317187,0.0,0.0,0.0,0.0,0.0,0.0,0.0,0.030087484,0.0,0.0,0.0,0.0,0.037009105,0.0,0.0,,,,
0.0,0.0,0.052752692,0.024137622,0.0,,0.0,0.019039702,0.022639047,0.020596735,0.020971566,0.014053903,0.012177079,0.0,0.01691393,,0.0,0.025519123,,0.021443168,,0.0,,0.08045653,0.0,0.020264663,0.024577504,0.0,0.030258516,0.022994934,,,0.0,0.0,0.0,0.0,0.0,0.016111955,0.01835366,0.013731818,0.018845132,0.0,0.016711872,0.052664336,0.0,,0.016208509,0.0,0.019561945,0.06849642,0.06504356,0.0,0.022576572,0.020052629,0.057706427,0.0,0.0,0.0,0.014264443,0.0,0.0,0.0,0.0,0.0,0.01915249,0.032758318,0.012580894,0.022677021,0.02614864,0.0,0.0,0.0,0.0,0.0,0.016899612,0.0,0.02065695,,,,
0.0,0.0,0.030192943,0.0,0.0,,0.0,0.020236932,0.0,0.014090617,0.020752285,0.028503483,0.020848151,0.0,0.03715123,,0.0,0.04640508,,0.0,,0.0,,0.021085905,0.0,0.030167963,0.037640493,0.0,0.0643106,0.02540802,,,0.018979209,0.0,0.0,0.0150817055,0.0,0.021654112,0.0169024,0.05603296,0.019396368,0.0,0.020159801,0.07365611,0.0,,0.02240393,0.0,0.03569826,0.033591695,0.017019982,0.0,0.027662994,0.04081185,0.0,0.0,0.0,0.0,0.0,0.026512114,0.0,0.017748313,0.0,0.0,0.0,0.048445873,0.0,0.028227359,0.0,0.0,0.0,0.0,0.0,0.0331193,0.0,0.0,0.030101895,,,,
0.0,0.0,0.0,0.0,0.0,,0.0,0.03066783,0.0,0.042248618,0.0,0.07771072,0.046778377,0.0,0.0,,0.0,0.037842702,,0.053894185,,0.0,,0.04027537,0.0,0.0,0.0,0.0,0.07210363,0.0,,,0.031169152,0.0,0.0,0.024742084,0.0,0.0,0.028440386,0.0,0.02646547,0.0,0.0,0.099348456,0.0,,0.0,0.0,0.0546174,0.05024697,0.0,0.0,0.0,0.0,0.074489586,0.0,0.063198,0.0,0.0,0.0,0.0,0.0,0.02786018,0.0,0.0,0.0,0.04585176,0.02532279,0.046726257,0.0,0.0,0.0,0.0,0.0,0.0,0.0,0.0,,,,
0.01910819,0.0,0.023371598,0.0,0.0,,0.0,0.017678501,0.01734432,0.03106449,0.022962559,0.026135461,0.017535526,0.0,0.03060088,,0.03262915,0.035284124,,0.0,,0.0,,0.013987035,0.020530352,0.017977355,0.0,0.0,0.06660538,0.0,,,0.01804598,0.0,0.0,0.023018477,0.0,0.01696728,0.011697878,0.022065617,0.016184723,0.0,0.015291443,0.050160676,0.0,,0.015666934,0.0,0.028162241,0.06396471,0.013117429,0.0,0.024845067,0.0,0.09088303,0.0,0.0,0.0,0.013686727,0.01908163,0.0,0.015698142,0.0,0.02294519,0.021524007,0.0,0.044501316,0.01686172,0.0,0.0,0.0,0.0,0.0,0.0,0.019624166,0.023190659,0.0,,,,
0.020240128,0.0,0.023542099,0.0,0.0,,0.0,0.016901955,0.016977748,0.025974412,0.021404171,0.027310863,0.016326344,0.0,0.028923571,,0.028555853,0.03621223,,0.0,,0.0,,0.013460965,0.022607233,0.017592112,0.0,0.0,0.0,0.0,,,0.017779501,0.0,0.0,0.023138016,0.0,0.018808348,0.010943964,0.021306308,0.016905585,0.0,0.0149125885,0.053361665,0.0,,0.015523888,0.0,0.0,0.062470656,0.013153528,0.0,0.019261431,0.0,0.09373659,0.0,0.0,0.0,0.013296469,0.019399544,0.0,0.014922412,0.0,0.021614509,0.022763647,0.05891026,0.053083915,0.016293893,0.0,0.0,0.0,0.03900371,0.0,0.0,0.018507386,0.02487246,0.0,,,,
0.021068992,0.0,0.082105644,0.0,0.0,,0.0,0.016237117,0.022400225,0.03013519,0.018431382,0.03818449,0.0133476425,0.022156214,0.029904107,,0.0,0.021208491,,0.0,,0.0,,0.015723096,0.024826609,0.02178374,0.0,0.0,0.0,0.03296243,,,0.014579043,0.071908616,0.0190418,0.016802361,0.0,0.025203759,0.012371271,0.015501946,0.013897342,0.0,0.039426588,0.023498965,0.0,,0.020397257,0.0,0.0,0.059668336,0.013005381,0.015302151,0.017400376,0.0,0.057897404,0.0,0.0,0.0,0.023927376,0.0,0.0,0.02460909,0.0,0.0208354,0.0,0.0,0.04119225,0.0,0.020381654,0.0,0.0,0.0,0.0,0.0,0.022676263,0.0,0.0,,,,
0.0,0.0,0.03269342,0.0,0.0,,0.0,0.018333556,0.018498098,0.022836464,0.022487197,0.02349822,0.022885354,0.0,0.038387287,,0.0,0.0,,0.036748555,,0.0,,0.022192694,0.0,0.019757088,0.0,0.0,0.053045243,0.0,,,0.019405901,0.075724624,0.037862148,0.0,0.0,0.021978838,0.018517204,0.0,0.016604487,0.0,0.018180436,0.046982523,0.0,,0.016936434,0.0,0.03512791,0.039640952,0.014013626,0.0,0.029795708,0.037806623,0.0,0.0,0.0,0.0,0.0266559,0.023500064,0.0,0.021346113,0.0,0.015862396,0.0,0.05141978,0.051586464,0.021264998,0.0,0.0,0.0,0.0,0.0,0.0,0.0,0.02842373,0.0,,,,
0.0,0.0,0.020503292,0.0,0.0,,0.0,0.01901212,0.015823768,0.021732967,0.026841745,0.033612948,0.015881281,0.0,0.0,,0.0,0.0,,0.044445306,,0.0,,0.015344016,0.0,0.034231562,0.053295054,0.021179516,0.06843326,0.0,,,0.019934442,0.071221344,0.0,0.0,0.0,0.026993534,0.021286707,0.0,0.0,0.0,0.01625293,0.0,0.0,,0.020163098,0.0,0.043734755,0.03903824,0.013530498,0.0,0.023721147,0.05579623,0.0,0.0,0.0,0.0,0.04361192,0.029727774,0.0,0.016582767,0.0,0.031174662,0.0,0.0,0.04983765,0.014340737,0.0,0.0,0.0,0.0,0.0,0.037902664,0.0,0.03481207,0.0,,,,
0.023403434,0.011978861,0.029082842,0.0,0.0,,0.0,0.02043794,0.015972726,0.011365479,0.024513379,0.02966085,0.015526208,0.0,0.03419148,,0.0,0.012879744,,0.0,,0.0,,0.013729443,0.0,0.018413015,0.04617207,0.0,0.05555009,0.0,,,0.016607951,0.0,0.027903512,0.012477917,0.0,0.018977476,0.0114681255,0.0,0.030937165,0.0,0.029638387,0.06400788,0.0,,0.01763064,0.0,0.0,0.056932088,0.01302853,0.0,0.013236905,0.02911121,0.07889387,0.0,0.0,0.0,0.028253531,0.023889478,0.0,0.013820376,0.0,0.014251867,0.025255611,0.0,0.041153457,0.0,0.0,0.015391924,0.0,0.0,0.0,0.0,0.028408773,0.025845744,0.0,,,,
0.0,0.0,0.045689177,0.0,0.0,,0.0,0.01914159,0.017529175,0.021025807,0.018255414,0.028034385,0.013101713,0.0,0.01705338,,0.0,0.06649595,,0.0,,0.0,,0.011474952,0.0,0.027096732,0.0,0.0,0.0,0.014901595,,,0.014737107,0.07954476,0.023051001,0.022808732,0.0,0.022717165,0.018629903,0.0,0.035082217,0.018384574,0.0158147,0.020522827,0.0,,0.01770237,0.019345667,0.028975025,0.058959942,0.015272306,0.0,0.019899182,0.0,0.07985569,0.0,0.0,0.0,0.023100698,0.0,0.0,0.014591315,0.012675646,0.014521926,0.0,0.0,0.055834875,0.0,0.0,0.0,0.0,0.0422962,0.0,0.0,0.0,0.025876319,0.0,,,,
0.0,0.0,0.034191903,0.0,0.0,,0.0,0.01699388,0.01576382,0.02369774,0.022816706,0.049808756,0.016203213,0.0,0.03357302,,0.017058698,0.028942563,,0.02365657,,0.0,,0.014305306,0.0,0.01929785,0.01886492,0.0,0.0,0.0,,,0.018314322,0.0,0.018399233,0.0,0.0,0.017414356,0.014855898,0.015208298,0.014589366,0.0,0.015476741,0.014409107,0.0,,0.015976943,0.0,0.027214091,0.055011332,0.014712243,0.0,0.035021324,0.0,0.080801,0.0,0.0,0.0,0.05553157,0.0,0.0,0.01827727,0.0,0.020857604,0.023414062,0.0,0.049703848,0.0,0.0,0.0,0.0,0.05286328,0.0,0.036146756,0.027450772,0.0,0.023175653,,,,
0.0,0.0,0.022487361,0.0,0.0,,0.0,0.014915832,0.013556752,0.021108773,0.019646617,0.02372817,0.01344752,0.0,0.023978181,,0.012312734,0.01916382,,0.022117496,,0.0,,0.013761091,0.0,0.017272126,0.017472183,0.0,0.0,0.0,,,0.014869241,0.07639379,0.015395693,0.02257618,0.0,0.01453102,0.011590178,0.01439477,0.012710278,0.0,0.013206395,0.011889405,0.0,,0.014253517,0.0,0.026200976,0.046746653,0.012329362,0.0,0.04148924,0.0,0.06684839,0.0,0.0,0.0,0.042975284,0.021339694,0.0,0.014886914,0.0,0.014839476,0.019576626,0.042194147,0.04653669,0.0,0.0,0.0,0.0,0.037377764,0.0,0.022024013,0.026807664,0.021362634,0.019685376,,,,
0.0,0.0,0.03665586,0.0,0.0,,0.0,0.017571539,0.011971826,0.033135228,0.018045476,0.011907025,0.011074409,0.0,0.027972223,,0.0,0.031225262,,0.018246673,,0.0,,0.015583298,0.0,0.014651172,0.042119466,0.01198647,0.043472957,0.0,,,0.0,0.07917639,0.0155927325,0.014683576,0.017132102,0.012082488,0.012781436,0.019629102,0.013975586,0.0,0.012841746,0.01536673,0.0,,0.013811214,0.0,0.017217118,0.04568953,0.009431392,0.0,0.024394881,0.017307958,0.06942767,0.0,0.0,0.014939383,0.0,0.015898224,0.0,0.012848177,0.0,0.014474824,0.0,0.036140148,0.014789352,0.011879769,0.019254763,0.0,0.0503606,0.0,0.0,0.0,0.014986333,0.019760916,0.01850695,,,,
0.0,0.0,0.07461597,0.0,0.0,,0.0,0.020118006,0.022108749,0.017556682,0.01757135,0.018045723,0.015783444,0.0,0.016353602,,0.0,0.017714903,,0.01575038,,0.015741136,,0.04931838,0.019824307,0.02315204,0.019953331,0.0,0.029000286,0.0,,,0.0,0.04762898,0.018312896,0.010595652,0.016777335,0.018376846,0.015339482,0.013460283,0.025634114,0.0,0.021156073,0.049336135,0.0,,0.02079352,0.0,0.015437034,0.05098053,0.054067597,0.0,0.014582434,0.017211776,0.046044275,0.0,0.0,0.0,0.02250704,0.0,0.0,0.0,0.0,0.019585462,0.0,0.02687185,0.017540563,0.0,0.030124422,0.0,0.0,0.0,0.0,0.0,0.016560042,0.0,0.018467285,,,,
0.0,0.0,0.022480149,0.0,0.0,,0.0,0.017681025,0.022800408,0.011284916,0.021920273,0.016153129,0.013392284,0.0,0.017444916,,0.015306492,0.014695386,,0.01843784,,0.019929199,,0.013325345,0.01757674,0.016381828,0.036974028,0.009561008,0.04172184,0.0,,,0.0,0.06303623,0.020711474,0.019267542,0.0,0.0153676225,0.014849095,0.0,0.02260902,0.01693098,0.022823088,0.06647777,0.0,,0.010163328,0.0,0.0,0.055435,0.010781648,0.0,0.0119854985,0.027179407,0.07190694,0.0,0.0,0.0,0.024050498,0.016140012,0.0,0.010419024,0.013057732,0.016083978,0.0,0.035703816,0.024022652,0.015128065,0.0,0.0,0.0,0.03158686,0.0,0.0,0.0,0.017215857,0.0,,,,
0.0,0.0,0.02978702,0.0,0.0,,0.0,0.018872231,0.020414213,0.020647783,0.015909385,0.017455023,0.015446273,0.0,0.02598078,,0.0,0.02962927,,0.02547818,,0.0,,0.014848961,0.020203793,0.017802013,0.042722195,0.0,0.036722902,0.0,,,0.0,0.0,0.022417339,0.022003936,0.0,0.019825881,0.02036692,0.016834473,0.027182197,0.0,0.019417966,0.0736774,0.0,,0.0,0.0,0.023625769,0.053400658,0.014205015,0.0,0.015246023,0.0,0.088317744,0.0,0.0,0.0,0.0,0.02569173,0.0,0.014880612,0.0,0.016174678,0.0,0.03908011,0.026550408,0.013535418,0.022587102,0.0,0.049164888,0.0,0.0,0.0,0.023893759,0.0,0.0,,,,
0.0,0.012404922,0.024768507,0.0,0.0,,0.0,0.01638994,0.015092997,0.013718385,0.022288738,0.017479254,0.014462973,0.0,0.03345428,,0.012858645,0.018707752,,0.0,,0.0,,0.019768793,0.023494288,0.021940695,0.037346795,0.014988784,0.04245874,0.0,,,0.037071012,0.059798922,0.0,0.0,0.0,0.015430121,0.02014449,0.0,0.011153276,0.0,0.012697827,0.058125496,0.0,,0.015496008,0.0,0.024762707,0.049228176,0.017315768,0.0,0.0,0.028311389,0.06838398,0.0,0.0,0.0,0.027340466,0.023087513,0.0,0.016956767,0.0,0.018838827,0.0,0.034338128,0.03440338,0.0,0.0,0.0,0.0,0.0,0.021660723,0.0,0.018518843,0.0,0.025311548,,,,
0.0,0.0,0.09418049,0.0,0.0,,0.0,0.022968307,0.0,0.014413998,0.0,0.052927975,0.02455911,0.0,0.024217954,,0.0,0.023221895,,0.0,,0.0,,0.019492414,0.026346542,0.02960286,0.0,0.016356384,0.05518289,0.0,,,0.017671803,0.05897754,0.0,0.0,0.0,0.0,0.015146485,0.0,0.0,0.0,0.017498901,0.073795244,0.0,,0.0,0.0,0.033433415,0.056551628,0.016580123,0.0,0.02138946,0.0,0.064248815,0.0,0.0,0.0,0.0,0.0,0.0,0.021554274,0.0,0.0,0.0,0.029715607,0.028223481,0.020006184,0.039491612,0.0,0.0,0.030708184,0.0,0.0,0.024396755,0.0,0.02713972,,,,
0.0,0.0,0.027408576,0.0,0.0,,0.0,0.01912946,0.0,0.019764781,0.019035064,0.025239814,0.010468145,0.0,0.018685883,,0.02247553,0.012491334,,0.0,,0.02098866,,0.015374376,0.0,0.017652024,0.0,0.014231568,0.05019599,0.0,,,0.0132431565,0.0658324,0.0,0.01916799,0.0,0.016047856,0.0111855455,0.0,0.0104839755,0.016057892,0.015155818,0.04450081,0.0,,0.018334948,0.0,0.021263247,0.049001735,0.014707967,0.0,0.029836528,0.0,0.07131802,0.0,0.0,0.0,0.033846866,0.020456515,0.0,0.012786335,0.0,0.017560031,0.02064044,0.044140607,0.03985649,0.0,0.0,0.0,0.0,0.03071326,0.0,0.025905794,0.0,0.025847582,0.01896696,,,,
0.0,0.0,0.07808211,0.0,0.0,,0.0,0.022841625,0.0,0.03183978,0.023432583,0.0,0.019701637,0.0,0.0,,0.0,0.0413374,,0.040536735,,0.0,,0.0779213,0.033390164,0.028184285,0.0,0.0,0.042165145,0.0,,,0.0,0.0,0.0,0.0,0.0,0.028248478,0.015529851,0.0,0.023476698,0.0,0.018518742,0.07120448,0.0,,0.0,0.0,0.042893596,0.0563475,0.06748999,0.0,0.0,0.0,0.07753626,0.0,0.0,0.0,0.01939484,0.0,0.0,0.040594403,0.0,0.0,0.0,0.04382872,0.0,0.0,0.055503696,0.0,0.0,0.0,0.0,0.0,0.0,0.0,0.0,,,,
0.0,0.0,0.08676505,0.0,0.0,,0.0,0.030380487,0.0,0.01839696,0.0,0.022144187,0.020917041,0.0,0.02042555,,0.0,0.0,,0.025442008,,0.0,,0.029014595,0.0,0.0,0.0435268,0.0,0.03484323,0.0,,,0.023431836,0.08162794,0.026834268,0.0,0.0,0.039980125,0.021799212,0.030100966,0.0,0.0,0.018250078,0.06643092,0.0,,0.026538765,0.0,0.02466951,0.050282508,0.01697781,0.0,0.0,0.02342489,0.046175104,0.0,0.0,0.0,0.0,0.0,0.0,0.026732337,0.0,0.0,0.025038837,0.036528863,0.018368639,0.0,0.0,0.0,0.06495149,0.0,0.0,0.0,0.0,0.0,0.0,,,,
0.0,0.0,0.0432327,0.0,0.0,,0.0,0.024897609,0.0,0.0,0.0,0.032163665,0.034908976,0.0,0.0,,0.0,0.0,,0.041821405,,0.0,,0.064507484,0.04165449,0.046293233,0.0215808,0.0,0.0,0.0,,,0.0,0.059739903,0.053556345,0.0,0.0,0.0,0.063483596,0.0,0.020648345,0.0,0.030547662,0.055567488,0.0,,0.0254936,0.0,0.0,0.063487425,0.03355951,0.0,0.0,0.0,0.07326993,0.0,0.0,0.0,0.021491515,0.039115466,0.0,0.0,0.03878592,0.0,0.0,0.0,0.0,0.028852576,0.0,0.0,0.0,0.0,0.0,0.0,0.0,0.0,0.04134036,,,,
,,,,,0.0,,0.0,,0.0886266,,0.0,0.0,,0.16322263,0.13566922,,,0.0,,,,,0.08617636,,,0.0,,,,,,0.10212183,,0.0,,,,,,,,,0.0,,0.10317749,0.0,,,,,,,,,,,,0.0,,,,,,,,,,,,,,,,,,,0.19964017,0.1213657,0.0,0.0
,,,,,0.0,,0.0,,0.0,,0.0,0.0,,0.0,0.0,,,0.0,,,,,0.1014434,,,0.0,,,,,,0.1300915,,0.0,,,,,,,,,0.0,,0.12234917,0.22133371,,,,,,,,,,,,0.0,,,,,,,,,,,,,,,,,,,0.2141162,0.21066603,0.0,0.0
,,,,,0.0,,0.0,,0.15884885,,0.09964244,0.0,,0.0,0.0,,,0.0,,,,,0.10494428,,,0.0,,,,,,0.11823195,,0.0,,,,,,,,,0.0,,0.10026318,0.0,,,,,,,,,,,,0.0,,,,,,,,,,,,,,,,,,,0.21558124,0.20248805,0.0,0.0
,,,,,0.0,,0.0,,0.0,,0.0,0.0,,0.0,0.27543303,,,0.0,,,,,0.0,,,0.0,,,,,,0.1777397,,0.0,,,,,,,,,0.20035005,,0.1620119,0.0,,,,,,,,,,,,0.0,,,,,,,,,,,,,,,,,,,0.0,0.18446529,0.0,0.0
,,,,,0.0,,0.0,,0.0,,0.13153213,0.0,,0.15585914,0.09742537,,,0.06662615,,,,,0.0904447,,,0.0,,,,,,0.0,,0.0,,,,,,,,,0.0,,0.09158579,0.10633301,,,,,,,,,,,,0.0,,,,,,,,,,,,,,,,,,,0.16748565,0.09270801,0.0,0.0
,,,,,0.0,,0.0,,0.0,,0.0,0.0,,0.0,0.0,,,0.14321679,,,,,0.15809694,,,0.0,,,,,,0.0,,0.0,,,,,,,,,0.0,,0.18694218,0.24323279,,,,,,,,,,,,0.0,,,,,,,,,,,,,,,,,,,0.0,0.2685113,0.0,0.0
,,,,,0.0,,0.0,,0.08828158,,0.07743887,0.0,,0.082113706,0.07642441,,,0.05515853,,,,,0.047300424,,,0.0,,,,,,0.070473254,,0.0,,,,,,,,,0.16512825,,0.05371453,0.072138734,,,,,,,,,,,,0.0,,,,,,,,,,,,,,,,,,,0.14069325,0.071134485,0.0,0.0
,,,,,0.0,,0.1412806,,0.0,,0.1462545,0.0,,0.0,0.0,,,0.0,,,,,0.10508473,,,0.0,,,,,,0.20022026,,0.0,,,,,,,,,0.0,,0.11122988,0.0,,,,,,,,,,,,0.0,,,,,,,,,,,,,,,,,,,0.0,0.29593,0.0,0.0
,,,,,0.0,,0.15009733,,0.15803188,,0.0,0.0,,0.0,0.1884797,,,0.0,,,,,0.0,,,0.0,,,,,,0.17868887,,0.0,,,,,,,,,0.0,,0.0,0.1813161,,,,,,,,,,,,0.0,,,,,,,,,,,,,,,,,,,0.0,0.14338613,0.0,0.0
,,,,,0.0,,0.1275554,,0.0,,0.0,0.0,,0.0,0.0,,,0.0,,,,,0.100338206,,,0.0,,,,,,0.1105009,,0.0,,,,,,,,,0.0,,0.10956025,0.14534199,,,,,,,,,,,,0.0,,,,,,,,,,,,,,,,,,,0.23397158,0.17273167,0.0,0.0
,,,,,0.0,,0.0,,0.11017321,,0.10982109,0.0,,0.08789415,0.105438046,,,0.052164987,,,,,0.05077197,,,0.0,,,,,,0.091409296,,0.0,,,,,,,,,0.0,,0.056808207,0.08163366,,,,,,,,,,,,0.0,,,,,,,,,,,,,,,,,,,0.0,0.08869191,0.0,0.16519345
,,,,,0.0,,0.098497465,,0.10303114,,0.0884754,0.07942384,,0.0,0.0,,,0.067307614,,,,,0.054369394,,,0.0,,,,,,0.07295631,,0.14111671,,,,,,,,,0.0,,0.05773859,0.10986875,,,,,,,,,,,,0.0,,,,,,,,,,,,,,,,,,,0.0,0.12721477,0.0,0.0
,,,,,0.0,,0.0,,0.0,,0.0,0.0,,0.0,0.19050181,,,0.13748422,,,,,0.11108836,,,0.0,,,,,,0.14325726,,0.0,,,,,,,,,0.0,,0.11126077,0.16231821,,,,,,,,,,,,0.0,,,,,,,,,,,,,,,,,,,0.0,0.14408936,0.0,0.0
,,,,,0.0,,0.11249581,,0.0,,0.0,0.0,,0.14784792,0.0,,,0.0,,,,,0.0,,,0.0,,,,,,0.13297364,,0.0,,,,,,,,,0.0,,0.09492786,0.11579827,,,,,,,,,,,,0.0,,,,,,,,,,,,,,,,,,,0.22807886,0.1678777,0.0,0.0
,,,,,0.0,,0.0,,0.0,,0.0,0.0,,0.0,0.11503256,,,0.0,,,,,0.10159013,,,0.0,,,,,,0.10565814,,0.0,,,,,,,,,0.16496184,,0.10344479,0.10846319,,,,,,,,,,,,0.0,,,,,,,,,,,,,,,,,,,0.19068405,0.11016536,0.0,0.0
,,,,,0.0,,0.0,,0.0,,0.15696347,0.11786371,,0.0,0.0,,,0.0,,,,,0.0,,,0.07530304,,,,,,0.0,,0.0,,,,,,,,,0.12769347,,0.13557234,0.0,,,,,,,,,,,,0.0,,,,,,,,,,,,,,,,,,,0.19121376,0.19539025,0.0,0.0
,,,,,0.0,,0.0,,0.0,,0.12194477,0.0,,0.0,0.0,,,0.0,,,,,0.07726203,,,0.0,,,,,,0.12196567,,0.0,,,,,,,,,0.19446872,,0.105219476,0.0,,,,,,,,,,,,0.0,,,,,,,,,,,,,,,,,,,0.19550526,0.18363407,0.0,0.0
,,,,,0.0,,0.0,,0.13411127,,0.0,0.0,,0.0,0.0,,,0.0,,,,,0.118692376,,,0.0,,,,,,0.13112822,,0.0,,,,,,,,,0.0,,0.09224245,0.13235512,,,,,,,,,,,,0.0,,,,,,,,,,,,,,,,,,,0.2098212,0.18164942,0.0,0.0
,,,,,0.07718633,,0.0,,0.0,,0.12013533,0.0,,0.0,0.10448441,,,0.0,,,,,0.089016534,,,0.0,,,,,,0.10847709,,0.0,,,,,,,,,0.0,,0.0,0.11218862,,,,,,,,,,,,0.11008797,,,,,,,,,,,,,,,,,,,0.188215,0.09020873,0.0,0.0
,,,,,0.0,,0.0,,0.0,,0.0,0.0,,0.0,0.21062347,,,0.0,,,,,0.13311648,,,0.0,,,,,,0.16893925,,0.0,,,,,,,,,0.0,,0.13461313,0.19320673,,,,,,,,,,,,0.0,,,,,,,,,,,,,,,,,,,0.0,0.15950096,0.0,0.0
,,,,,0.10916767,,0.11579344,,0.0,,0.0,0.0,,0.15944003,0.0,,,0.0,,,,,0.08335634,,,0.0,,,,,,0.10282762,,0.0,,,,,,,,,0.0,,0.09023604,0.0,,,,,,,,,,,,0.0,,,,,,,,,,,,,,,,,,,0.18570812,0.15347071,0.0,0.0
,,,,,0.0,,0.13126566,,0.0,,0.1344343,0.0,,0.0,0.21459842,,,0.0,,,,,0.09672647,,,0.0,,,,,,0.15635939,,0.0,,,,,,,,,0.0,,0.1100311,0.0,,,,,,,,,,,,0.0,,,,,,,,,,,,,,,,,,,0.0,0.15658471,0.0,0.0
,,,,,0.0,,0.0,,0.0,,0.0,0.0,,0.0,0.0,,,0.0,,,,,0.14696093,,,0.0,,,,,,0.17892374,,0.0,,,,,,,,,0.0,,0.1434341,0.1930184,,,,,,,,,,,,0.0,,,,,,,,,,,,,,,,,,,0.3376629,0.0,0.0,0.0
,,,,,0.0,,0.0,,0.0,,0.0,0.0,,0.0,0.0,,,0.0,,,,,0.0,,,0.0,,,,,,0.2717988,,0.0,,,,,,,,,0.0,,0.0,0.34087655,,,,,,,,,,,,0.0,,,,,,,,,,,,,,,,,,,0.0,0.38732466,0.0,0.0
,,,,,0.0,,0.0,,0.0,,0.0,0.0,,0.0,0.0,,,0.62870514,,,,,0.0,,,0.3712949,,,,,,0.0,,0.0,,,,,,,,,0.0,,0.0,0.0,,,,,,,,,,,,0.0,,,,,,,,,,,,,,,,,,,0.0,0.0,0.0,0.0
,,,,,0.0,,0.0,,0.1269854,,0.11210432,0.0,,0.102038965,0.14365166,,,0.096702345,,,,,0.07900478,,,0.0,,,,,,0.09737607,,0.0,,,,,,,,,0.0,,0.08430058,0.15783583,,,,,,,,,,,,0.0,,,,,,,,,,,,,,,,,,,0.0,0.0,0.0,0.0
,,,,,0.0,,0.0,,0.1068097,,0.0806534,0.088429995,,0.114390716,0.123675846,,,0.0,,,,,0.069025174,,,0.0,,,,,,0.08192208,,0.0,,,,,,,,,0.0,,0.08374696,0.0,,,,,,,,,,,,0.0,,,,,,,,,,,,,,,,,,,0.14846252,0.10288365,0.0,0.0
,,,,,0.0,,0.0,,0.0,,0.13775413,0.0,,0.16548537,0.0,,,0.0,,,,,0.0772746,,,0.0,,,,,,0.100819364,,0.0,,,,,,,,,0.0,,0.0802012,0.11365083,,,,,,,,,,,,0.0,,,,,,,,,,,,,,,,,,,0.18224327,0.14257124,0.0,0.0
,,,,,0.0,,0.0,,0.13423562,,0.11091313,0.07403689,,0.0,0.12239339,,,0.08662847,,,,,0.08984648,,,0.0,,,,,,0.10381244,,0.0,,,,,,,,,0.0,,0.11377675,0.0,,,,,,,,,,,,0.0,,,,,,,,,,,,,,,,,,,0.1643568,0.0,0.0,0.0
,,,,,0.091480725,,0.0,,0.0,,0.10461137,0.11092505,,0.0,0.0,,,0.0,,,,,0.08221473,,,0.100644685,,,,,,0.09945359,,0.0,,,,,,,,,0.17022492,,0.0758869,0.16455802,,,,,,,,,,,,0.0,,,,,,,,,,,,,,,,,,,0.0,0.0,0.0,0.0
,,,,,0.0,,0.0,,0.1019265,,0.0,0.0,,0.10405704,0.15720995,,,0.0,,,,,0.08643045,,,0.0,,,,,,0.12657192,,0.0,,,,,,,,,0.15736195,,0.0,0.14495124,,,,,,,,,,,,0.0,,,,,,,,,,,,,,,,,,,0.0,0.12149087,0.0,0.0
,,,,,0.0,,0.0,,0.12535982,,0.0,0.0,,0.12815577,0.15573812,,,0.0,,,,,0.0,,,0.0,,,,,,0.0,,0.0,,,,,,,,,0.0,,0.11690543,0.16805433,,,,,,,,,,,,0.0,,,,,,,,,,,,,,,,,,,0.0,0.12705298,0.17873357,0.0
,,,,,0.0,,0.0,,0.0,,0.0,0.0,,0.0,0.0,,,0.0,,,,,0.0,,,0.0,,,,,,0.17922682,,0.0,,,,,,,,,0.0,,0.14560449,0.20753333,,,,,,,,,,,,0.0,,,,,,,,,,,,,,,,,,,0.24187055,0.2257648,0.0,0.0
,,,,,0.0,,0.0,,0.10095805,,0.14005773,0.0,,0.0,0.0,,,0.068976335,,,,,0.079459205,,,0.0,,,,,,0.0,,0.0,,,,,,,,,0.0,,0.081376374,0.11644477,,,,,,,,,,,,0.107573055,,,,,,,,,,,,,,,,,,,0.18899536,0.11615915,0.0,0.0
,,,,,0.0,,0.0,,0.0,,0.0,0.0,,0.0,0.22350395,,,0.0,,,,,0.15146208,,,0.0,,,,,,0.0,,0.0,,,,,,,,,0.18337539,,0.0,0.25853562,,,,,,,,,,,,0.0,,,,,,,,,,,,,,,,,,,0.0,0.18312298,0.0,0.0
,,,,,0.08748405,,0.0,,0.0,,0.11203143,0.0,,0.0,0.0,,,0.10373401,,,,,0.08192933,,,0.0,,,,,,0.08976458,,0.0,,,,,,,,,0.0,,0.08114465,0.12236846,,,,,,,,,,,,0.0,,,,,,,,,,,,,,,,,,,0.19558439,0.12595905,0.0,0.0
,,,,,0.0,,0.0,,0.0,,0.0,0.0,,0.0,0.1099141,,,0.0,,,,,0.08013342,,,0.0,,,,,,0.12353097,,0.0,,,,,,,,,0.15585531,,0.093895204,0.13033818,,,,,,,,,,,,0.09726803,,,,,,,,,,,,,,,,,,,0.0,0.08888961,0.12017508,0.0
,,,,,0.10431475,,0.0,,0.0,,0.0,0.0,,0.0,0.1421917,,,0.09451212,,,,,0.08402862,,,0.0,,,,,,0.113984525,,0.0,,,,,,,,,0.0,,0.106163606,0.12497926,,,,,,,,,,,,0.13556898,,,,,,,,,,,,,,,,,,,0.0,0.0942564,0.0,0.0
,,,,,0.0,,0.0,,0.12820688,,0.0,0.0,,0.0,0.15613861,,,0.0,,,,,0.10663617,,,0.0,,,,,,0.1308686,,0.0,,,,,,,,,0.0,,0.113943815,0.15141018,,,,,,,,,,,,0.09802821,,,,,,,,,,,,,,,,,,,0.0,0.11476756,0.0,0.0
,,,,,0.070387706,,0.11328988,,0.0,,0.09278343,0.0,,0.0,0.07884878,,,0.0,,,,,0.06762007,,,0.0,,,,,,0.079347,,0.0,,,,,,,,,0.0,,0.07123075,0.085618876,,,,,,,,,,,,0.088065684,,,,,,,,,,,,,,,,,,,0.18903542,0.063772425,0.0,0.0
,,,,,0.0,,0.0,,0.0,,0.0,0.0,,0.0,0.29523918,,,0.0,,,,,0.0,,,0.0,,,,,,0.0,,0.0,,,,,,,,,0.0,,0.0,0.325392,,,,,,,,,,,,0.16937579,,,,,,,,,,,,,,,,,,,0.0,0.20999299,0.0,0.0
,,,,,0.16858077,,0.18144822,,0.0,,0.0,0.0,,0.0,0.0,,,0.0,,,,,0.0,,,0.0,,,,,,0.0,,0.0,,,,,,,,,0.0,,0.14714594,0.19793776,,,,,,,,,,,,0.0,,,,,,,,,,,,,,,,,,,0.30488732,0.0,0.0,0.0
,,,,,0.0,,0.0,,0.0,,0.0,0.0,,0.0,0.13865288,,,0.0,,,,,0.1205188,,,0.0,,,,,,0.12382533,,0.0,,,,,,,,,0.0,,0.1224484,0.13241407,,,,,,,,,,,,0.0,,,,,,,,,,,,,,,,,,,0.2330981,0.12904234,0.0,0.0
,,,,,0.0,,0.0,,0.12120437,,0.0,0.0,,0.11436168,0.12827525,,,0.075725876,,,,,0.08496336,,,0.0,,,,,,0.13290691,,0.0,,,,,,,,,0.0,,0.10820022,0.12942363,,,,,,,,,,,,0.10493868,,,,,,,,,,,,,,,,,,,0.0,0.0,0.0,0.0
,,,,,0.0,,0.0,,0.0,,0.0,0.0,,0.15218338,0.20996644,,,0.0,,,,,0.105971225,,,0.0,,,,,,0.16798805,,0.0,,,,,,,,,0.0,,0.0,0.20476094,,,,,,,,,,,,0.0,,,,,,,,,,,,,,,,,,,0.0,0.15912999,0.0,0.0
,,,,,0.0,,0.0,,0.0,,0.0,0.0,,0.0,0.17614636,,,0.0,,,,,0.14055297,,,0.0,,,,,,0.1539125,,0.0,,,,,,,,,0.22681601,,0.13612603,0.1664462,,,,,,,,,,,,0.0,,,,,,,,,,,,,,,,,,,0.0,0.0,0.0,0.0
,,,,,0.0,,0.0,,0.12329302,,0.0,0.0,,0.0,0.1532263,,,0.0,,,,,0.10316514,,,0.0,,,,,,0.12624645,,0.0,,,,,,,,,0.0,,0.108994536,0.14502306,,,,,,,,,,,,0.12751947,,,,,,,,,,,,,,,,,,,0.0,0.11253208,0.0,0.0
,,,,,0.0,,0.1509755,,0.16000858,,0.11151384,0.0,,0.0,0.0,,,0.101009734,,,,,0.07728403,,,0.0,,,,,,0.1145154,,0.0,,,,,,,,,0.0,,0.089017704,0.1956753,,,,,,,,,,,,0.0,,,,,,,,,,,,,,,,,,,0.0,0.0,0.0,0.0
,,,,,0.0,,0.21343523,,0.25379094,,0.0,0.0,,0.0,0.0,,,0.0,,,,,0.19202286,,,0.0,,,,,,0.0,,0.0,,,,,,,,,0.0,,0.0,0.0,,,,,,,,,,,,0.0,,,,,,,,,,,,,,,,,,,0.34075087,0.0,0.0,0.0
,,,,,0.0,,0.0,,0.20847028,,0.16650864,0.0,,0.0,0.0,,,0.0,,,,,0.14375918,,,0.0,,,,,,0.19115031,,0.0,,,,,,,,,0.0,,0.0,0.29011157,,,,,,,,,,,,0.0,,,,,,,,,,,,,,,,,,,0.0,0.0,0.0,0.0
,,,,,0.0,,0.0,,0.0,,0.19664723,0.0,,0.0,0.0,,,0.0,,,,,0.15133125,,,0.0,,,,,,0.19776362,,0.0,,,,,,,,,0.0,,0.15222488,0.302033,,,,,,,,,,,,0.0,,,,,,,,,,,,,,,,,,,0.0,0.0,0.0,0.0
,,,,,0.077589236,,0.0,,0.11956992,,0.0928402,0.0,,0.0,0.11714653,,,0.0,,,,,0.0,,,0.0,,,,,,0.11404967,,0.0,,,,,,,,,0.0,,0.07538579,0.113763586,,,,,,,,,,,,0.0,,,,,,,,,,,,,,,,,,,0.19740812,0.092246965,0.0,0.0
,,,,,0.0,,0.0,,0.0,,0.17339431,0.0,,0.0,0.13744159,,,0.0,,,,,0.1177527,,,0.0,,,,,,0.15357383,,0.0,,,,,,,,,0.0,,0.0,0.15470889,,,,,,,,,,,,0.0,,,,,,,,,,,,,,,,,,,0.2631287,0.0,0.0,0.0
,,,,,0.08307706,,0.0,,0.13379672,,0.0,0.0,,0.0,0.09638764,,,0.08033334,,,,,0.107968815,,,0.0,,,,,,0.095321134,,0.0,,,,,,,,,0.0,,0.0853833,0.10347054,,,,,,,,,,,,0.0,,,,,,,,,,,,,,,,,,,0.2142615,0.0,0.0,0.0
,,,,,0.0,,0.14845158,,0.0,,0.0,0.0,,0.0,0.0,,,0.0,,,,,0.09417684,,,0.10148906,,,,,,0.1199129,,0.0,,,,,,,,,0.0,,0.1244188,0.1305587,,,,,,,,,,,,0.0,,,,,,,,,,,,,,,,,,,0.28099212,0.0,0.0,0.0
,,,,,0.0,,0.0,,0.0,,0.0,0.0,,0.0,0.13865288,,,0.0,,,,,0.1205188,,,0.0,,,,,,0.12382533,,0.0,,,,,,,,,0.0,,0.1224484,0.13241407,,,,,,,,,,,,0.0,,,,,,,,,,,,,,,,,,,0.2330981,0.12904234,0.0,0.0
